Country,Market,Region,State,City
United States,US,East,New York,New York City
Australia,APAC,Oceania,New South Wales,Wollongong
Australia,APAC,Oceania,Queensland,Brisbane
Germany,EU,Central,Berlin,Berlin
Senegal,Africa,Africa,Dakar,Dakar
Australia,APAC,Oceania,New South Wales,Sydney
New Zealand,APAC,Oceania,Wellington,Porirua
New Zealand,APAC,Oceania,Waikato,Hamilton
United States,US,West,California,Sacramento
United States,US,South,North Carolina,Concord
United States,US,South,Virginia,Alexandria
Afghanistan,APAC,Central Asia,Kabul,Kabul
Saudi Arabia,EMEA,EMEA,Jizan,Jizan
Brazil,LATAM,South,Parana,Toledo
China,APAC,North Asia,Heilongjiang,Mudanjiang
France,EU,Central,Ile-de-France,Paris
United States,US,South,Kentucky,Henderson
Italy,EU,South,Tuscany,Prato
Australia,APAC,Oceania,Queensland,Townsville
Tanzania,Africa,Africa,Kigoma,Uvinza
Poland,EMEA,EMEA,Silesia,Bytom
United States,US,Central,Illinois,Chicago
China,APAC,North Asia,Anhui,Suzhou
United Kingdom,EU,North,Scotland,Edinburgh
Mexico,LATAM,North,Chihuahua,Juárez
El Salvador,LATAM,Central,San Salvador,Soyapango
Taiwan,APAC,North Asia,Taipei City,Taipei
Germany,EU,Central,Saxony,Leipzig
United States,US,West,California,Los Angeles
India,APAC,Central Asia,Gujarat,Surat
Dominican Republic,LATAM,Caribbean,Santo Domingo,Santo Domingo
France,EU,Central,Brittany,Saint-Brieuc
United States,US,Central,Texas,Amarillo
Australia,APAC,Oceania,Queensland,Gold Coast
United States,US,West,California,Fresno
Democratic Republic of the Congo,Africa,Africa,Katanga,Kamina
United States,US,South,North Carolina,Burlington
United Kingdom,EU,North,England,Stockton-on-Tees
Indonesia,APAC,Southeast Asia,Nusa Tenggara Barat,Mataram
India,APAC,Central Asia,Haryana,Gorakhpur
India,APAC,Central Asia,Kerala,Thiruvananthapuram
United Kingdom,EU,North,England,Huddersfield
United States,US,Central,Minnesota,Minneapolis
France,EU,Central,Ile-de-France,Montreuil
China,APAC,North Asia,Shandong,Shouguang
India,APAC,Central Asia,Jharkhand,Jamshedpur
Uruguay,LATAM,South,Paysandú,Paysandú
Iran,EMEA,EMEA,Mazandaran,Behshahr
United States,US,West,California,Huntington Beach
Mozambique,Africa,Africa,Cidade De Maputo,Maputo
India,APAC,Central Asia,Madhya Pradesh,Bhopal
United States,US,West,Washington,Seattle
India,APAC,Central Asia,Delhi,Delhi
Australia,APAC,Oceania,Western Australia,Geraldton
United States,US,South,Florida,Tallahassee
Bangladesh,APAC,Central Asia,Dhaka,Dhaka
Germany,EU,Central,Lower Saxony,Munster
Germany,EU,Central,Lower Saxony,Celle
China,APAC,North Asia,Jiangsu,Wuxi
United States,US,South,Virginia,Richmond
Spain,EU,South,Andalusía,Seville
India,APAC,Central Asia,Uttarakhand,Raipur
Mexico,LATAM,North,Durango,Gómez Palacio
Ukraine,EMEA,EMEA,Kharkiv,Kharkiv
China,APAC,North Asia,Shandong,Jinan
Nicaragua,LATAM,Central,Chinandega,Chinandega
Democratic Republic of the Congo,Africa,Africa,Kasai-Occidental,Kananga
Indonesia,APAC,Southeast Asia,Sumatera Selatan,Palembang
United Kingdom,EU,North,England,London
Australia,APAC,Oceania,Victoria,Melbourne
United States,US,South,Georgia,Atlanta
Germany,EU,Central,North Rhine-Westphalia,Duisburg
China,APAC,North Asia,Sichuan,Nanchong
India,APAC,Central Asia,West Bengal,Naihati
France,EU,Central,Nord-Pas-de-Calais,Lille
Morocco,Africa,Africa,Meknès-Tafilalet,Meknes
United States,US,Central,Michigan,Jackson
United States,US,East,Pennsylvania,Philadelphia
Germany,EU,Central,North Rhine-Westphalia,Krefeld
Indonesia,APAC,Southeast Asia,Jawa Barat,Bandung
Morocco,Africa,Africa,Grand Casablanca,Casablanca
Bangladesh,APAC,Central Asia,Dhaka,Tongi
United States,US,West,Nevada,Henderson
Canada,Canada,Canada,Quebec,Montréal
Philippines,APAC,Southeast Asia,National Capital,Manila
Australia,APAC,Oceania,New South Wales,Newcastle
Austria,EU,Central,Styria,Graz
Australia,APAC,Oceania,New South Wales,Nowra
France,EU,Central,Ile-de-France,Boulogne-Billancourt
France,EU,Central,Ile-de-France,Malakoff
Democratic Republic of the Congo,Africa,Africa,Kinshasa,Kinshasa
Australia,APAC,Oceania,Western Australia,Perth
France,EU,Central,Aquitaine,Le Bouscat
Mexico,LATAM,North,Puebla,Puebla
Germany,EU,Central,Bavaria,Augsburg
France,EU,Central,Provence-Alpes-Côte d'Azur,Nice
Colombia,LATAM,South,Antioquia,Medellín
Netherlands,EU,Central,North Brabant,Bergen op Zoom
United States,US,East,New Jersey,Lakewood
Germany,EU,Central,Lower Saxony,Hanover
Spain,EU,South,Galicia,Vigo
China,APAC,North Asia,Jiangsu,Gaoyou
Germany,EU,Central,Bremen,Bremen
France,EU,Central,Midi-Pyrénées,Muret
China,APAC,North Asia,Sichuan,Zigong
Australia,APAC,Oceania,South Australia,Adelaide
United States,US,Central,Michigan,Detroit
France,EU,Central,Ile-de-France,Chelles
Malaysia,APAC,Southeast Asia,Pahang,Kuantan
United States,US,South,Virginia,Harrisonburg
United States,US,East,Massachusetts,Everett
Ecuador,LATAM,South,Pichincha,Quito
India,APAC,Central Asia,Gujarat,Vadodara
China,APAC,North Asia,Hainan,Sanya
Thailand,APAC,Southeast Asia,Bangkok,Bangkok
United States,US,West,California,San Diego
Indonesia,APAC,Southeast Asia,Jawa Barat,Tasikmalaya
Mexico,LATAM,North,Sonora,Guaymas
China,APAC,North Asia,Hubei,Wuhan
United States,US,Central,Wisconsin,Madison
Brazil,LATAM,South,São Paulo,Salto
Italy,EU,South,Veneto,Treviso
Somalia,Africa,Africa,Woqooyi Galbeed,Hargeysa
United States,US,West,California,Long Beach
Indonesia,APAC,Southeast Asia,Yogyakarta,Yogyakarta
China,APAC,North Asia,Liaoning,Anshan
Netherlands,EU,Central,North Holland,Amsterdam
France,EU,Central,Upper Normandy,Le Petit-Quevilly
Germany,EU,Central,North Rhine-Westphalia,Bochum
Germany,EU,Central,Hamburg,Hamburg
United States,US,Central,Texas,Houston
Guatemala,LATAM,Central,Guatemala,Mixco
United States,US,East,New York,Yonkers
Mexico,LATAM,North,Michoacán,Morelia
China,APAC,North Asia,Jilin,Changchun
Spain,EU,South,Madrid,Madrid
Saudi Arabia,EMEA,EMEA,Makkah,Jeddah
United States,US,Central,Oklahoma,Norman
Indonesia,APAC,Southeast Asia,Sumatera Utara,Medan
Indonesia,APAC,Southeast Asia,Jakarta,Jakarta
United States,US,East,Ohio,Lancaster
Indonesia,APAC,Southeast Asia,Jawa Tengah,Surakarta
China,APAC,North Asia,Beijing,Beijing
Mexico,LATAM,North,Hidalgo,Tulancingo
Belarus,EMEA,EMEA,Brest,Brest
Spain,EU,South,Valenciana,Valencia
United States,US,South,North Carolina,Charlotte
Ukraine,EMEA,EMEA,Zhytomyr,Zhytomyr
France,EU,Central,Ile-de-France,Argenteuil
France,EU,Central,Aquitaine,Talence
India,APAC,Central Asia,Bihar,Aurangabad
France,EU,Central,Ile-de-France,Plaisir
United Kingdom,EU,North,England,Harrogate
Cambodia,APAC,Southeast Asia,Phnom Penh,Phnom Penh
Australia,APAC,Oceania,Queensland,Mackay
United States,US,West,Nevada,North Las Vegas
Indonesia,APAC,Southeast Asia,Jambi,Jambi
Germany,EU,Central,North Rhine-Westphalia,Moers
United States,US,East,Delaware,Newark
China,APAC,North Asia,Guangdong,Shenzhen
Australia,APAC,Oceania,Tasmania,Launceston
Philippines,APAC,Southeast Asia,National Capital,Marikina
South Africa,Africa,Africa,Gauteng,Johannesburg
Spain,EU,South,Basque Country,Barakaldo
United States,US,East,Rhode Island,Providence
United States,US,East,New York,Long Beach
China,APAC,North Asia,Shandong,Qingdao
United States,US,West,California,San Francisco
Iran,EMEA,EMEA,Fars,Shiraz
India,APAC,Central Asia,Jharkhand,Bokaro
Japan,APAC,North Asia,Shizuoka,Fuji
Spain,EU,South,Valenciana,Benidorm
India,APAC,Central Asia,Kerala,Kozhikode
Malaysia,APAC,Southeast Asia,Kuala Lumpur,Kuala Lumpur
Russia,EMEA,EMEA,Astrakhan',Astrakhan'
United States,US,East,Ohio,Columbus
China,APAC,North Asia,Hunan,Xiangtan
China,APAC,North Asia,Zhejiang,Shaoxing
India,APAC,Central Asia,Madhya Pradesh,Jabalpur
India,APAC,Central Asia,Bihar,Patna
France,EU,Central,Pays de la Loire,La Baule-Escoublac
France,EU,Central,Burgundy,Dijon
South Africa,Africa,Africa,Western Cape,Cape Town
Egypt,Africa,Africa,Al Qahirah,Cairo
United Kingdom,EU,North,England,West Bromwich
Azerbaijan,EMEA,EMEA,Baki,Baku
United Kingdom,EU,North,England,Burnley
France,EU,Central,Pays de la Loire,Laval
Lithuania,EMEA,EMEA,Vilnius,Vilnius
Argentina,LATAM,South,Buenos Aires,Buenos Aires
Egypt,Africa,Africa,Suhaj,Girga
India,APAC,Central Asia,Kerala,Kochi
Lesotho,Africa,Africa,Maseru,Maseru
New Zealand,APAC,Oceania,Wellington,Wellington
China,APAC,North Asia,Henan,Luoyang
Brazil,LATAM,South,Bahia,Feira de Santana
Nicaragua,LATAM,Central,Matagalpa,Matagalpa
United States,US,South,Virginia,Virginia Beach
Nicaragua,LATAM,Central,Managua,Managua
China,APAC,North Asia,Inner Mongolia,Wuhai
France,EU,Central,Pays de la Loire,Nantes
France,EU,Central,Alsace,Strasbourg
Indonesia,APAC,Southeast Asia,Jawa Timur,Surabaya
Brazil,LATAM,South,São Paulo,Tupã
Austria,EU,Central,Vienna,Vienna
Mexico,LATAM,North,Distrito Federal,Mexico City
Australia,APAC,Oceania,Tasmania,Hobart
Japan,APAC,North Asia,Osaka,Hirakata
United Kingdom,EU,North,England,Preston
India,APAC,Central Asia,Uttar Pradesh,Agra
Spain,EU,South,Catalonia,Granollers
Vietnam,APAC,Southeast Asia,Ho Chí Minh City,Ho Chi Minh City
Cuba,LATAM,Caribbean,Camagüey,Camagüey
United States,US,East,New Jersey,Morristown
Romania,EMEA,EMEA,Neamt,Piatra-Neamt
Mexico,LATAM,North,Distrito Federal,Milpa Alta
Mexico,LATAM,North,Guanajuato,León
Turkey,EMEA,EMEA,Izmir,Izmir
Mexico,LATAM,North,Distrito Federal,Coyoacán
New Zealand,APAC,Oceania,Auckland,Manukau City
Cameroon,Africa,Africa,Centre,Yaounde
United Kingdom,EU,North,England,Newcastle upon Tyne
India,APAC,Central Asia,Uttarakhand,Dehra Dun
Spain,EU,South,Cantabria,Santander
China,APAC,North Asia,Hebei,Cangzhou
China,APAC,North Asia,Shanghai,Shanghai
Nicaragua,LATAM,Central,León,León
Russia,EMEA,EMEA,Yaroslavl',Rybinsk
Brazil,LATAM,South,São Paulo,Ibiúna
Australia,APAC,Oceania,Australian Capital Territory,Canberra
South Africa,Africa,Africa,Eastern Cape,Port Elizabeth
United States,US,East,Ohio,Newark
United Kingdom,EU,North,England,Cambridge
India,APAC,Central Asia,Chhattisgarh,Kota
New Zealand,APAC,Oceania,Canterbury,Christchurch
France,EU,Central,Ile-de-France,Vincennes
China,APAC,North Asia,Chongqing,Chongqing
Hungary,EMEA,EMEA,Bekes,Gyula
India,APAC,Central Asia,Uttar Pradesh,Lucknow
United States,US,South,Kentucky,Florence
Italy,EU,South,Piedmont,Turin
United States,US,Central,Missouri,Springfield
Singapore,APAC,Southeast Asia,Singapore,Singapore
Angola,Africa,Africa,Benguela,Benguela
United States,US,Central,Indiana,Lafayette
Japan,APAC,North Asia,Hyogo,Himeji
Indonesia,APAC,Southeast Asia,Sulawesi Tenggara,Kendari
El Salvador,LATAM,Central,San Salvador,Mejicanos
Spain,EU,South,Catalonia,Barcelona
France,EU,Central,Provence-Alpes-Côte d'Azur,Menton
United States,US,South,Alabama,Huntsville
France,EU,Central,Auvergne,Clermont-Ferrand
Romania,EMEA,EMEA,Buzau,Buzau
Brazil,LATAM,South,Paraíba,Bayeux
United States,US,South,Georgia,Columbus
United States,US,Central,Texas,San Antonio
Australia,APAC,Oceania,Northern Territory,Darwin
United States,US,East,New York,Jamestown
France,EU,Central,Lower Normandy,Bayeux
France,EU,Central,Nord-Pas-de-Calais,Lens
France,EU,Central,Brittany,Lannion
Germany,EU,Central,North Rhine-Westphalia,Iserlohn
Democratic Republic of the Congo,Africa,Africa,Katanga,Kalemie
Belgium,EU,Central,East Flanders,Ghent
United States,US,Central,Indiana,Indianapolis
France,EU,Central,Provence-Alpes-Côte d'Azur,Marseille
Pakistan,APAC,Central Asia,Punjab,Lahore
France,EU,Central,Rhône-Alpes,Grenoble
Finland,EU,North,Uusimaa,Espoo
Australia,APAC,Oceania,South Australia,Whyalla
France,EU,Central,Ile-de-France,Ivry-sur-Seine
India,APAC,Central Asia,Uttar Pradesh,Kanpur
France,EU,Central,Provence-Alpes-Côte d'Azur,Saint-Laurent-du-Var
Colombia,LATAM,South,Bolívar,Cartagena
Mexico,LATAM,North,Quintana Roo,Cancún
China,APAC,North Asia,Heilongjiang,Harbin
Ghana,Africa,Africa,Ashanti,Kumasi
India,APAC,Central Asia,Tamil Nadu,Salem
France,EU,Central,Pays de la Loire,Angers
Iran,EMEA,EMEA,Lorestan,Khorramabad
India,APAC,Central Asia,Tamil Nadu,Chennai
Italy,EU,South,Apulia,Barletta
United Kingdom,EU,North,England,Tamworth
India,APAC,Central Asia,West Bengal,Kulti
France,EU,Central,Pays de la Loire,Le Mans
China,APAC,North Asia,Sichuan,Mianyang
Mexico,LATAM,North,Nuevo León,Cadereyta
Australia,APAC,Oceania,Queensland,Bundaberg
Brazil,LATAM,South,Goiás,Valparaíso de Goiás
Indonesia,APAC,Southeast Asia,Sulawesi Utara,Manado
India,APAC,Central Asia,Bihar,Muzaffarpur
Iran,EMEA,EMEA,Kermanshah,Kermanshah
India,APAC,Central Asia,Maharashtra,Thane
Colombia,LATAM,South,Santander,Piedecuesta
India,APAC,Central Asia,Karnataka,Bangalore
China,APAC,North Asia,Fujian,Xiamen
Zambia,Africa,Africa,Copperbelt,Kitwe
China,APAC,North Asia,Guangdong,Jieyang
Japan,APAC,North Asia,Shizuoka,Hamamatsu
China,APAC,North Asia,Zhejiang,Ningbo
India,APAC,Central Asia,Rajasthan,Jodhpur
Germany,EU,Central,Thuringia,Weimar
New Zealand,APAC,Oceania,Auckland,Auckland
Democratic Republic of the Congo,Africa,Africa,Katanga,Lubumbashi
United States,US,Central,Wisconsin,Franklin
United States,US,Central,Nebraska,Omaha
India,APAC,Central Asia,Maharashtra,Nagpur
Mexico,LATAM,North,Tabasco,Villahermosa
France,EU,Central,Rhône-Alpes,Oyonnax
Mexico,LATAM,North,México,Metepec
United States,US,West,California,Santa Ana
France,EU,Central,Ile-de-France,Antony
Mexico,LATAM,North,Sinaloa,Culiacán
United States,US,South,Alabama,Mobile
Iraq,EMEA,EMEA,Maysan,Al Amarah
Iran,EMEA,EMEA,Razavi Khorasan,Mashhad
United States,US,South,Virginia,Springfield
India,APAC,Central Asia,Gujarat,Bhavnagar
Italy,EU,South,Lazio,Rome
Spain,EU,South,Balearic Islands,Palma de Mallorca
France,EU,Central,Rhône-Alpes,Saint-Priest
Hungary,EMEA,EMEA,Gyor,Gyor
Liberia,Africa,Africa,Montserrado,Monrovia
Cuba,LATAM,Caribbean,Santiago de Cuba,Santiago de Cuba
Colombia,LATAM,South,Bogota,Bogotá
Germany,EU,Central,Bavaria,Erlangen
Georgia,EMEA,EMEA,Tbilisi,Tbilisi
India,APAC,Central Asia,Rajasthan,Jaipur
China,APAC,North Asia,Gansu,Suzhou
Italy,EU,South,Emilia-Romagna,Reggio nell'Emilia
Mexico,LATAM,North,Distrito Federal,Azcapotzalco
Poland,EMEA,EMEA,Lublin,Lublin
Switzerland,EU,Central,Zürich,Zurich
Albania,EMEA,EMEA,Elbasan,Elbasan
Russia,EMEA,EMEA,Voronezh,Voronezh
Japan,APAC,North Asia,Yamaguchi,Shimonoseki
Indonesia,APAC,Southeast Asia,Sulawesi Tengah,Palu
India,APAC,Central Asia,Manipur,Imphal
China,APAC,North Asia,Liaoning,Shenyang
United States,US,East,Pennsylvania,Bethlehem
Chad,Africa,Africa,Mandoul,Koumra
Australia,APAC,Oceania,Victoria,Ballarat
Montenegro,EMEA,EMEA,Podgorica,Podgorica
Brazil,LATAM,South,São Paulo,Ribeirão Preto
Mexico,LATAM,North,Jalisco,Zapopan
Canada,Canada,Canada,Ontario,Guelph
United States,US,West,Washington,Bellingham
France,EU,Central,Aquitaine,Bordeaux
Iran,EMEA,EMEA,Hamadan,Hamadan
Namibia,Africa,Africa,Khomas,Windhoek
Netherlands,EU,Central,North Brabant,Eindhoven
Guatemala,LATAM,Central,Quezaltenango,Quetzaltenango
El Salvador,LATAM,Central,La Libertad,Antiguo Cuscatlán
United States,US,East,Rhode Island,Cranston
Cuba,LATAM,Caribbean,Guantánamo,Guantánamo
Philippines,APAC,Southeast Asia,Western Visayas,Bacolod City
Australia,APAC,Oceania,Western Australia,Kwinana
France,EU,Central,Ile-de-France,Deuil-la-Barre
United States,US,South,Louisiana,Lafayette
Portugal,EU,South,Lisboa,Lisbon
India,APAC,Central Asia,Uttar Pradesh,Jhansi
India,APAC,Central Asia,Maharashtra,Amravati
China,APAC,North Asia,Liaoning,Wafangdian
Dominican Republic,LATAM,Caribbean,San Juan,San Juan de la Maguana
Madagascar,Africa,Africa,Analamanga,Antananarivo
Russia,EMEA,EMEA,Bashkortostan,Ufa
Iran,EMEA,EMEA,Tehran,Tehran
Australia,APAC,Oceania,Victoria,Bendigo
Pakistan,APAC,Central Asia,Baluchistan,Quetta
Italy,EU,South,Veneto,Rovigo
Colombia,LATAM,South,Cundinamarca,Soacha
United Kingdom,EU,North,England,Dudley
Austria,EMEA,EMEA,Vienna,Vienna
France,EU,Central,Ile-de-France,Ris-Orangis
France,EU,Central,Ile-de-France,Levallois-Perret
Ukraine,EMEA,EMEA,Volyn,Luts'k
El Salvador,LATAM,Central,San Salvador,San Salvador
United States,US,East,Ohio,Lorain
United Kingdom,EU,North,England,Stoke-on-Trent
Brazil,LATAM,South,São Paulo,São Paulo
China,APAC,North Asia,Anhui,Huaibei
United States,US,West,Utah,Lehi
New Zealand,APAC,Oceania,Wellington,Masterton
New Zealand,APAC,Oceania,Northland,Whangarei
China,APAC,North Asia,Yunnan,Kunming
United States,US,Central,Missouri,Columbia
Canada,Canada,Canada,British Columbia,Vancouver
Spain,EU,South,Navarra,Pamplona
Sweden,EU,North,Stockholm,Haninge
Spain,EU,South,Asturias,Oviedo
United States,US,Central,Texas,Carrollton
India,APAC,Central Asia,Maharashtra,Nasik
Spain,EU,South,Valenciana,Torrevieja
Japan,APAC,North Asia,Yamaguchi,Ube
Italy,EU,South,Campania,Pozzuoli
Ukraine,EMEA,EMEA,Poltava,Poltava
Indonesia,APAC,Southeast Asia,Yogyakarta,Depok
Germany,EU,Central,Bavaria,Regensburg
India,APAC,Central Asia,Andhra Pradesh,Visakhapatnam
France,EU,Central,Ile-de-France,Clamart
Germany,EU,Central,Lower Saxony,Garbsen
China,APAC,North Asia,Heilongjiang,Jixi
South Africa,Africa,Africa,North-West,Potchefstroom
Russia,EMEA,EMEA,Vladimir,Vladimir
Spain,EU,South,Castile and León,Burgos
India,APAC,Central Asia,Kerala,Kollam
Myanmar (Burma),APAC,Southeast Asia,Yangon,Yangon
France,EU,Central,Ile-de-France,Bondy
France,EU,Central,Aquitaine,Mont-de-Marsan
France,EU,Central,Rhône-Alpes,Lyon
Indonesia,APAC,Southeast Asia,Jawa Barat,Depok
Brazil,LATAM,South,São Paulo,Santo André
Germany,EU,Central,North Rhine-Westphalia,Menden
Jamaica,LATAM,Caribbean,Saint Catherine,Spanish Town
New Zealand,APAC,Oceania,Waikato,Taupo
China,APAC,North Asia,Liaoning,Fengcheng
France,EU,Central,Upper Normandy,Vernon
China,APAC,North Asia,Tianjin,Tianjin
Mexico,LATAM,North,Chihuahua,Chihuahua
Spain,EU,South,Valenciana,Elx
Dominican Republic,LATAM,Caribbean,Barahona,Santa Cruz de Barahona
Brazil,LATAM,South,Federal District,Brasília
China,APAC,North Asia,Gansu,Lanzhou
Italy,EU,South,Emilia-Romagna,Bologna
Australia,APAC,Oceania,Northern Territory,Alice Springs
Qatar,EMEA,EMEA,Ad Dawhah,Doha
Italy,EU,South,Lazio,Velletri
Japan,APAC,North Asia,Oita,Matsubara
United Kingdom,EU,North,England,Gloucester
France,EU,Central,Ile-de-France,Puteaux
Australia,APAC,Oceania,Victoria,Geelong
New Zealand,APAC,Oceania,Bay of Plenty,Whakatane
Brazil,LATAM,South,Rio Grande do Norte,Açu
United Kingdom,EU,North,England,Colchester
United States,US,South,Georgia,Sandy Springs
France,EU,Central,Languedoc-Roussillon,Montpellier
Germany,EU,Central,Hesse,Wetzlar
United States,US,East,Ohio,Cleveland
China,APAC,North Asia,Hubei,Shashi
China,APAC,North Asia,Jilin,Chaoyang
United Kingdom,EU,North,England,Rugby
United States,US,Central,Texas,Round Rock
France,EU,Central,Rhône-Alpes,Saint-Chamond
France,EU,Central,Ile-de-France,Fontenay-aux-Roses
China,APAC,North Asia,Inner Mongolia,Baotou
United States,US,Central,Texas,Fort Worth
Brazil,LATAM,South,Santa Catarina,Joinville
Brazil,LATAM,South,Parana,Colombo
United States,US,East,New Hampshire,Dover
China,APAC,North Asia,Shandong,Jining
China,APAC,North Asia,Jiangsu,Zhenjiang
United Kingdom,EU,North,England,York
China,APAC,North Asia,Inner Mongolia,Jining
Mexico,LATAM,North,Yucatán,Mérida
Guatemala,LATAM,Central,Guatemala,Villa Nueva
France,EU,Central,Rhône-Alpes,Annecy-le-Vieux
France,EU,Central,Ile-de-France,Drancy
United States,US,South,Florida,Jacksonville
Tanzania,Africa,Africa,Dar Es Salaam,Dar es Salaam
Germany,EU,Central,Bavaria,Nuremberg
United States,US,West,California,Concord
China,APAC,North Asia,Hubei,Macheng
Morocco,Africa,Africa,Tadla-Azilal,Beni Mellal
United States,US,South,Georgia,Roswell
India,APAC,Central Asia,Tamil Nadu,Madurai
Germany,EU,Central,North Rhine-Westphalia,Dortmund
Republic of the Congo,Africa,Africa,Niari,Loubomo
China,APAC,North Asia,Guangdong,Jiangmen
United States,US,East,Ohio,Troy
Russia,EMEA,EMEA,Kaliningrad,Kaliningrad
Norway,EU,North,Vest-Agder,Kristiansand
Iraq,EMEA,EMEA,Al Qadisiyah,Ad Diwaniyah
France,EU,Central,Aquitaine,Bayonne
United States,US,West,Arizona,Avondale
United States,US,East,Ohio,Fairfield
Cuba,LATAM,Caribbean,Mayabeque,San José de las Lajas
Algeria,Africa,Africa,Alger,Algiers
United States,US,East,Massachusetts,Lowell
Turkey,EMEA,EMEA,Istanbul,Istanbul
Lithuania,EMEA,EMEA,Kaunas,Kaunas
Iran,EMEA,EMEA,Ardabil,Ardabil
Mexico,LATAM,North,Baja California,Mexicali
Saudi Arabia,EMEA,EMEA,Makkah,Mecca
Egypt,Africa,Africa,Al Iskandariyah,Alexandria
Australia,APAC,Oceania,New South Wales,Queanbeyan
China,APAC,North Asia,Guangxi,Guilin
China,APAC,North Asia,Shandong,Gaomi
South Africa,Africa,Africa,Gauteng,Pretoria
United Kingdom,EU,North,England,Blackpool
Germany,EU,Central,Mecklenburg-Vorpommern,Schwerin
India,APAC,Central Asia,Uttar Pradesh,Aligarh
Italy,EU,South,Trentino-Alto Adige,Trento
Italy,EU,South,Emilia-Romagna,Ravenna
Switzerland,EU,Central,Basel-Stadt,Basel
Mozambique,Africa,Africa,Maputo,Matola
France,EU,Central,Poitou-Charentes,Poitiers
South Korea,APAC,North Asia,Seoul,Seoul
France,EU,Central,Alsace,Mulhouse
Italy,EU,South,Lombardy,Milan
Malaysia,APAC,Southeast Asia,Sabah,Kota Kinabalu
United States,US,West,Colorado,Denver
Brazil,LATAM,South,Minas Gerais,Uberaba
France,EU,Central,Ile-de-France,Rueil-Malmaison
United Kingdom,EU,North,England,Crawley
Nigeria,Africa,Africa,Benue,Makurdi
Estonia,EMEA,EMEA,Harjumaa,Tallinn
United Kingdom,EU,North,Wales,Swansea
Brazil,LATAM,South,Parana,Paranaguá
Indonesia,APAC,Southeast Asia,Kalimantan Timur,Samarinda
India,APAC,Central Asia,Andhra Pradesh,Vijayawada
Turkey,EMEA,EMEA,Balikesir,Bandirma
Cote d'Ivoire,Africa,Africa,Fromager,Gagnoa
Honduras,LATAM,Central,Francisco Morazán,Tegucigalpa
France,EU,Central,Ile-de-France,Villiers-le-Bel
Canada,Canada,Canada,Ontario,Brampton
United States,US,East,Maryland,Columbia
Mexico,LATAM,North,Jalisco,Tlaquepaque
France,EU,Central,Ile-de-France,Saint-Denis
India,APAC,Central Asia,Karnataka,Mangalore
Cuba,LATAM,Caribbean,Sancti Spíritus,Sancti Spíritus
Brazil,LATAM,South,Santa Catarina,Indaial
Norway,EU,North,Hordaland,Bergen
Saudi Arabia,EMEA,EMEA,Ar Riyad,Riyadh
Switzerland,EU,Central,Lucerne,Lucerne
Paraguay,LATAM,South,Central,Fernando de la Mora
United States,US,Central,Indiana,Noblesville
Iran,EMEA,EMEA,Hamadan,Malayer
Democratic Republic of the Congo,Africa,Africa,Kasai-Oriental,Mbuji-mayi
India,APAC,Central Asia,Madhya Pradesh,Gwalior
China,APAC,North Asia,Fujian,Luoyang
United Kingdom,EU,North,England,Southend-on-Sea
France,EU,Central,Lorraine,Thionville
India,APAC,Central Asia,Jammu and Kashmir,Srinagar
India,APAC,Central Asia,Uttar Pradesh,Allahabad
Indonesia,APAC,Southeast Asia,Jawa Barat,Bekasi
Cote d'Ivoire,Africa,Africa,Haut-Sassandra,Daloa
Mexico,LATAM,North,Coahuila,Saltillo
United States,US,West,California,Anaheim
United Kingdom,EU,North,England,Woking
Philippines,APAC,Southeast Asia,Cordillera,Baguio City
Russia,EMEA,EMEA,Chelyabinsk,Magnitogorsk
India,APAC,Central Asia,Uttar Pradesh,Varanasi
Brazil,LATAM,South,Espírito Santo,Serra
Italy,EU,South,Tuscany,Florence
United States,US,South,North Carolina,Raleigh
Italy,EU,South,Abruzzi,Pescara
United States,US,East,Rhode Island,Warwick
Bangladesh,APAC,Central Asia,Chittagong,Chittagong
Mexico,LATAM,North,Coahuila,Monclova
United Kingdom,EU,North,England,Worthing
Brazil,LATAM,South,São Paulo,Lençóis Paulista
Australia,APAC,Oceania,New South Wales,Coffs Harbour
Iraq,EMEA,EMEA,Baghdad,Baghdad
Italy,EU,South,Apulia,San Severo
Argentina,LATAM,South,San Luis,San Luis
China,APAC,North Asia,Guangdong,Guangzhou
India,APAC,Central Asia,Tamil Nadu,Tiruppur
Mexico,LATAM,North,San Luis Potosí,San Luis Potosí
France,EU,Central,Ile-de-France,Le Chesnay
Czech Republic,EMEA,EMEA,Prague,Prague
United States,US,Central,Michigan,Lansing
France,EU,Central,Upper Normandy,Dieppe
France,EU,Central,Provence-Alpes-Côte d'Azur,Gap
United States,US,West,California,Redlands
China,APAC,North Asia,Heilongjiang,Shuangcheng
Central African Republic,Africa,Africa,Bangui,Bangui
New Zealand,APAC,Oceania,Hawke's Bay,Hastings
United States,US,West,California,Oakland
Mexico,LATAM,North,Guanajuato,Irapuato
China,APAC,North Asia,Guangdong,Xinyi
India,APAC,Central Asia,Rajasthan,Bhilwara
Belgium,EU,Central,Antwerp,Antwerp
Australia,APAC,Oceania,New South Wales,Orange
New Zealand,APAC,Oceania,Hawke's Bay,Napier
Mexico,LATAM,North,Coahuila,Torreón
Japan,APAC,North Asia,Chiba,Noda
Benin,Africa,Africa,Ouémé,Porto-Novo
France,EU,Central,Nord-Pas-de-Calais,Outreau
United States,US,East,Vermont,Burlington
United States,US,Central,Oklahoma,Muskogee
France,EU,Central,Rhône-Alpes,Bourg-en-Bresse
Brazil,LATAM,South,São Paulo,Americana
Iran,EMEA,EMEA,Esfahan,Kashan
Australia,APAC,Oceania,Victoria,Sunbury
Germany,EU,Central,North Rhine-Westphalia,Herford
United States,US,South,Virginia,Chesapeake
Australia,APAC,Oceania,Queensland,Cairns
Ukraine,EMEA,EMEA,L'viv,L'viv
Norway,EU,North,Oslo,Oslo
Iraq,EMEA,EMEA,Arbil,Arbil
United States,US,West,Washington,Des Moines
United Kingdom,EU,North,England,Bradford
Dominican Republic,LATAM,Caribbean,San Pedro de Macorís,San Pedro de Macorís
Nicaragua,LATAM,Central,Estelí,Estelí
Spain,EU,South,Basque Country,San Sebastian
France,EU,Central,Alsace,Schiltigheim
United States,US,Central,Wisconsin,Milwaukee
Cuba,LATAM,Caribbean,Pinar del Río,Consolación del Sur
Morocco,Africa,Africa,Tanger-Tétouan,Tangier
Bolivia,LATAM,South,Oruro,Oruro
Germany,EU,Central,Bavaria,Munich
India,APAC,Central Asia,Maharashtra,Malegaon
Germany,EU,Central,North Rhine-Westphalia,Euskirchen
Japan,APAC,North Asia,Gunma,Sakai
Russia,EMEA,EMEA,Amur,Blagoveshchensk
Mexico,LATAM,North,Baja California,Tijuana
India,APAC,Central Asia,Telangana,Hyderabad
France,EU,Central,Ile-de-France,Villeneuve-Saint-Georges
Japan,APAC,North Asia,Gunma,Takasaki
India,APAC,Central Asia,Chhattisgarh,Bhilai
United States,US,West,California,Santa Barbara
United States,US,East,New York,Rochester
Albania,EMEA,EMEA,Durrës,Durres
Germany,EU,Central,Hesse,Frankfurt
China,APAC,North Asia,Anhui,Anqing
Mexico,LATAM,North,Tamaulipas,Victoria
United States,US,West,California,San Gabriel
Chile,LATAM,South,Atacama,Copiapó
United States,US,East,Ohio,Cincinnati
Mexico,LATAM,North,Baja California,Ensenada
Dominican Republic,LATAM,Caribbean,La Romana,La Romana
Martinique,LATAM,Caribbean,Martinique,Fort-de-France
United Kingdom,EU,North,England,Kingswood
Germany,EU,Central,Rhineland-Palatinate,Trier
United Kingdom,EU,North,England,Leeds
China,APAC,North Asia,Guangdong,Luoyang
Brazil,LATAM,South,Rio de Janeiro,Petrópolis
Finland,EU,North,Uusimaa,Vantaa
United States,US,East,New York,Watertown
France,EU,Central,Ile-de-France,Noisy-le-Grand
Syria,EMEA,EMEA,Hims,Homs
China,APAC,North Asia,Liaoning,Liaoyang
United States,US,South,North Carolina,Fayetteville
Brazil,LATAM,South,Tocantins,Araguaína
Indonesia,APAC,Southeast Asia,Bali,Denpasar
France,EU,Central,Provence-Alpes-Côte d'Azur,Toulon
India,APAC,Central Asia,Maharashtra,Pune
United States,US,West,Arizona,Tucson
United States,US,South,Florida,Miami
South Korea,APAC,North Asia,Gyeonggi,Goyang
India,APAC,Central Asia,Maharashtra,Kalyan
Bangladesh,APAC,Central Asia,Khulna,Khulna
India,APAC,Central Asia,Tamil Nadu,Avadi
Indonesia,APAC,Southeast Asia,Jawa Tengah,Semarang
Germany,EU,Central,Baden-Württemberg,Stuttgart
Russia,EMEA,EMEA,Chelyabinsk,Chelyabinsk
China,APAC,North Asia,Guangdong,Zhanjiang
United States,US,South,North Carolina,Greenville
China,APAC,North Asia,Hunan,Yueyang
United States,US,West,Colorado,Pueblo
Germany,EU,Central,Baden-Württemberg,Reutlingen
France,EU,Central,Nord-Pas-de-Calais,Arras
Japan,APAC,North Asia,Chiba,Matsudo
Cuba,LATAM,Caribbean,Granma,Bayamo
Mexico,LATAM,North,Tamaulipas,Reynosa
United Kingdom,EU,North,England,Chester
Germany,EU,Central,Mecklenburg-Vorpommern,Rostock
Belgium,EU,Central,Namur,Namur
Germany,EU,Central,North Rhine-Westphalia,Aachen
Iran,EMEA,EMEA,Gilan,Rasht
Brazil,LATAM,South,Maranhão,Grajaú
Japan,APAC,North Asia,Saitama,Koshigaya
Lebanon,EMEA,EMEA,Beirut,Beirut
Spain,EU,South,Andalusía,Huelva
China,APAC,North Asia,Anhui,Hefei
United States,US,South,Kentucky,Louisville
Philippines,APAC,Southeast Asia,National Capital,Valenzuela
India,APAC,Central Asia,Tamil Nadu,Thanjavur
Indonesia,APAC,Southeast Asia,Jawa Tengah,Tegal
Canada,Canada,Canada,Ontario,Kitchener
France,EU,Central,Ile-de-France,Sevran
United Kingdom,EU,North,England,Hastings
Sweden,EU,North,Halland,Halmstad
Netherlands,EU,Central,North Holland,Amstelveen
Italy,EU,South,Campania,Portici
United States,US,East,Ohio,Toledo
United States,US,West,Nevada,Sparks
Australia,APAC,Oceania,South Australia,Murray Bridge
China,APAC,North Asia,Shandong,Tengzhou
France,EU,Central,Ile-de-France,Bagneux
Indonesia,APAC,Southeast Asia,Kalimantan Timur,Balikpapan
India,APAC,Central Asia,Punjab,Bhatinda
Mexico,LATAM,North,Veracruz,Poza Rica de Hidalgo
France,EU,Central,Alsace,Colmar
France,EU,Central,Ile-de-France,Clichy-sous-Bois
France,EU,Central,Provence-Alpes-Côte d'Azur,La Seyne-sur-Mer
Philippines,APAC,Southeast Asia,Calabarzon,Antipolo
France,EU,Central,Picardy,Creil
Brazil,LATAM,South,Parana,Curitiba
Morocco,Africa,Africa,Rabat-Salé-Zemmour-Zaer,Sale
Australia,APAC,Oceania,New South Wales,Albury
Turkey,EMEA,EMEA,Kutahya,Kutahya
China,APAC,North Asia,Heilongjiang,Daqing
United States,US,South,Virginia,Waynesboro
Australia,APAC,Oceania,Queensland,Rockhampton
Ghana,Africa,Africa,Greater Accra,Accra
Brazil,LATAM,South,Minas Gerais,Conselheiro Lafaiete
China,APAC,North Asia,Jiangsu,Jiangdu
Bolivia,LATAM,South,Cochabamba,Cochabamba
United Kingdom,EU,North,England,Wolverhampton
India,APAC,Central Asia,Maharashtra,Mumbai
Australia,APAC,Oceania,Queensland,Caloundra
Chile,LATAM,South,Biobio,Talcahuano
Chile,LATAM,South,Santiago,Santiago
Kenya,Africa,Africa,Nairobi,Nairobi
United States,US,Central,Illinois,Aurora
New Zealand,APAC,Oceania,Taranaki,New Plymouth
Italy,EU,South,Lombardy,Sesto San Giovanni
United States,US,South,Alabama,Florence
China,APAC,North Asia,Hebei,Tangshan
Canada,Canada,Canada,Alberta,Edmonton
Australia,APAC,Oceania,New South Wales,Lismore
Mali,Africa,Africa,Sikasso,Sikasso
Brazil,LATAM,South,Amapá,Macapá
United Kingdom,EU,North,England,Nottingham
Australia,APAC,Oceania,Western Australia,Mandurah
Italy,EU,South,Veneto,Venice
Germany,EU,Central,North Rhine-Westphalia,Dormagen
Spain,EU,South,Basque Country,Bilbao
Turkey,EMEA,EMEA,Istanbul,Bagcilar
France,EU,Central,Poitou-Charentes,Bressuire
France,EU,Central,Ile-de-France,Houilles
India,APAC,Central Asia,Maharashtra,Solapur
Italy,EU,South,Tuscany,Capannori
Japan,APAC,North Asia,Saitama,Kawagoe
China,APAC,North Asia,Jiangsu,Yangzhou
Mexico,LATAM,North,Nuevo León,Monterrey
United States,US,Central,Michigan,Ann Arbor
Libya,Africa,Africa,Misratah,Misratah
Mexico,LATAM,North,Distrito Federal,Tlalpan
Cuba,LATAM,Caribbean,Matanzas,Matanzas
Vietnam,APAC,Southeast Asia,T?nh C?n Th?,Can Tho
United States,US,Central,Indiana,Greenwood
Cuba,LATAM,Caribbean,Las Tunas,Las Tunas
United States,US,West,Arizona,Phoenix
France,EU,Central,Ile-de-France,Villeneuve-le-Roi
France,EU,Central,Provence-Alpes-Côte d'Azur,Vitrolles
India,APAC,Central Asia,Tamil Nadu,Tiruchchirappalli
China,APAC,North Asia,Hunan,Hengyang
United States,US,South,Florida,Hialeah
United States,US,South,Georgia,Marietta
El Salvador,LATAM,Central,San Salvador,Ilopango
Turkey,EMEA,EMEA,Izmir,Torbali
India,APAC,Central Asia,Maharashtra,Bhiwandi
New Zealand,APAC,Oceania,Manawatu-Wanganui,Palmerston North
China,APAC,North Asia,Henan,Kaifeng
United States,US,West,Colorado,Thornton
United States,US,South,Kentucky,Georgetown
Chile,LATAM,South,Valparaíso,Villa Alemana
Mexico,LATAM,North,México,Tlalnepantla
Brazil,LATAM,South,Rio de Janeiro,São Gonçalo
United States,US,South,Kentucky,Richmond
Poland,EMEA,EMEA,Silesia,Katowice
Venezuela,LATAM,South,Lara,Carora
Spain,EU,South,Valenciana,Orihuela
United States,US,Central,Oklahoma,Tulsa
Iran,EMEA,EMEA,Fars,Fasa
Trinidad and Tobago,LATAM,Caribbean,San Fernando,San Fernando
Germany,EU,Central,Rhineland-Palatinate,Mainz
Germany,EU,Central,North Rhine-Westphalia,Gronau
China,APAC,North Asia,Anhui,Bengbu
Ireland,EU,North,Dublin,Dublin
France,EU,Central,Provence-Alpes-Côte d'Azur,Antibes
Brazil,LATAM,South,Rio Grande do Norte,Natal
France,EU,Central,Brittany,Concarneau
United States,US,South,Florida,Lakeland
United States,US,West,California,Brentwood
Germany,EU,Central,North Rhine-Westphalia,Solingen
Australia,APAC,Oceania,Northern Territory,Palmerston
Morocco,Africa,Africa,Marrakech-Tensift-El Haouz,Marrakech
Germany,EU,Central,North Rhine-Westphalia,Cologne
United Kingdom,EU,North,England,Reading
China,APAC,North Asia,Hubei,Xinshi
Bulgaria,EMEA,EMEA,Sofiya-Grad,Sofia
Ukraine,EMEA,EMEA,Dnipropetrovs'k,Kryvyy Rih
France,EU,Central,Ile-de-France,Cachan
United Kingdom,EU,North,England,Carlisle
United States,US,West,Utah,Pleasant Grove
Colombia,LATAM,South,Quindío,Montenegro
United States,US,South,North Carolina,Asheville
Malaysia,APAC,Southeast Asia,Perak,Ipoh
China,APAC,North Asia,Hubei,Xiaogan
China,APAC,North Asia,Shanxi,Yuci
Russia,EMEA,EMEA,Dagestan,Makhachkala
China,APAC,North Asia,Jilin,Gongzhuling
Australia,APAC,Oceania,Tasmania,Devonport
Germany,EU,Central,North Rhine-Westphalia,Bottrop
Indonesia,APAC,Southeast Asia,Jawa Timur,Jember
China,APAC,North Asia,Jilin,Shulan
Germany,EU,Central,Baden-Württemberg,Ulm
United Kingdom,EU,North,England,Sheffield
Algeria,Africa,Africa,Guelma,Guelma
Sweden,EU,North,Stockholm,Stockholm
China,APAC,North Asia,Shandong,Liaocheng
Austria,EU,Central,Tyrol,Innsbruck
China,APAC,North Asia,Guangdong,Shantou
United States,US,Central,Illinois,Rockford
Panama,LATAM,Central,Panama,Panama City
Brazil,LATAM,South,Pernambuco,Cabo de Santo Agostinho
Germany,EU,Central,North Rhine-Westphalia,Castrop-Rauxel
France,EU,Central,Ile-de-France,Saint-Germain-en-Laye
India,APAC,Central Asia,Odisha,Cuttack
Netherlands,EU,Central,North Brabant,Tilburg
Spain,EU,South,Madrid,Parla
India,APAC,Central Asia,Punjab,Ludhiana
China,APAC,North Asia,Shanxi,Xinzhou
United States,US,West,Arizona,Glendale
France,EU,Central,Poitou-Charentes,La Rochelle
Colombia,LATAM,South,Atlántico,Soledad
Israel,EMEA,EMEA,Tel Aviv,Ramat Aviv
Brazil,LATAM,South,Pernambuco,Paulista
Australia,APAC,Oceania,New South Wales,Wagga Wagga
France,EU,Central,Languedoc-Roussillon,Lunel
Brazil,LATAM,South,Paraíba,Cajazeiras
China,APAC,North Asia,Shandong,Laiyang
France,EU,Central,Ile-de-France,Guyancourt
Spain,EU,South,Castile and León,Zamora
United States,US,Central,Texas,Dallas
Nigeria,Africa,Africa,Lagos,Lagos
China,APAC,North Asia,Shandong,Ninghai
Indonesia,APAC,Southeast Asia,Jawa Barat,Bogor
France,EU,Central,Lorraine,Nancy
Colombia,LATAM,South,Antioquia,Bello
Guatemala,LATAM,Central,Chimaltenango,Chimaltenango
Canada,Canada,Canada,Ontario,Toronto
Spain,EU,South,Catalonia,El Prat de Llobregat
Indonesia,APAC,Southeast Asia,Sumatera Utara,Pematangsiantar
Spain,EU,South,Castile-La Mancha,Albacete
Cuba,LATAM,Caribbean,Villa Clara,Santa Clara
Brazil,LATAM,South,Parana,Maringá
Chile,LATAM,South,Los Lagos,Osorno
Italy,EU,South,Apulia,Brindisi
United Kingdom,EU,North,England,Doncaster
United States,US,Central,Nebraska,Fremont
Mexico,LATAM,North,Nuevo León,Santa Catarina
Algeria,Africa,Africa,Annaba,Annaba
Netherlands,EU,Central,Utrecht,Utrecht
Japan,APAC,North Asia,Nagasaki,Nagasaki
Australia,APAC,Oceania,Western Australia,Albany
Philippines,APAC,Southeast Asia,National Capital,Las Pinas
United States,US,West,California,Westminster
Malaysia,APAC,Southeast Asia,Selangor,Shah Alam
United Kingdom,EU,North,England,Birmingham
Vietnam,APAC,Southeast Asia,Kiên Giang,Rach Gia
China,APAC,North Asia,Guangdong,Dongguan
France,EU,Central,Ile-de-France,Fontainebleau
Bolivia,LATAM,South,Santa Cruz,Santa Cruz de la Sierra
Ukraine,EMEA,EMEA,Donetsk,Donets'k
United States,US,South,North Carolina,Jacksonville
United Kingdom,EU,North,Wales,Cardiff
United States,US,West,Washington,Spokane
France,EU,Central,Rhône-Alpes,Villeurbanne
Mexico,LATAM,North,México,Nicolás Romero
Zambia,Africa,Africa,Copperbelt,Chililabombwe
United States,US,East,Maryland,Baltimore
France,EU,Central,Ile-de-France,Nanterre
China,APAC,North Asia,Xinjiang Uygur,Shihezi
France,EU,Central,Rhône-Alpes,Givors
Haiti,LATAM,Caribbean,Ouest,Carrefour
Romania,EMEA,EMEA,Brasov,Brasov
France,EU,Central,Auvergne,Vichy
Japan,APAC,North Asia,Hiroshima,Kure
United Kingdom,EU,North,England,Derby
Netherlands,EU,Central,Gelderland,Arnhem
Italy,EU,South,Lazio,Aprilia
New Zealand,APAC,Oceania,Auckland,Waitakere
United States,US,Central,North Dakota,Fargo
United States,US,West,Colorado,Aurora
Vietnam,APAC,Southeast Asia,Th? Dô Hà N?i,Hanoi
Belgium,EU,Central,Limburg,Genk
Brazil,LATAM,South,Pará,Castanhal
Italy,EU,South,Liguria,La Spezia
China,APAC,North Asia,Jiangsu,Jiangyan
United States,US,East,Delaware,Wilmington
United States,US,East,Connecticut,Fairfield
United Kingdom,EU,North,England,Littlehampton
Indonesia,APAC,Southeast Asia,Sumatera Barat,Padang
China,APAC,North Asia,Henan,Yunyang
India,APAC,Central Asia,Rajasthan,Fatehpur
China,APAC,North Asia,Jiangsu,Changshu
Ecuador,LATAM,South,Los Rios,Quevedo
China,APAC,North Asia,Jiangsu,Changzhou
Saudi Arabia,EMEA,EMEA,Al Jawf,Sakaka
France,EU,Central,Champagne-Ardenne,Saint-Dizier
United Kingdom,EU,North,England,Stourbridge
Brazil,LATAM,South,Maranhão,Presidente Dutra
United States,US,Central,Texas,El Paso
United Kingdom,EU,North,England,Bognor Regis
China,APAC,North Asia,Jiangsu,Xuzhou
China,APAC,North Asia,Zhejiang,Ninghai
Barbados,LATAM,Caribbean,Saint Michael,Bridgetown
United States,US,South,Florida,Fort Lauderdale
France,EU,Central,Picardy,Beauvais
United Kingdom,EU,North,England,South Shields
United States,US,East,Connecticut,Manchester
Mexico,LATAM,North,Tamaulipas,Nuevo Laredo
Nigeria,Africa,Africa,Kano,Kano
India,APAC,Central Asia,Madhya Pradesh,Dewas
Spain,EU,South,Castile-La Mancha,Puertollano
United States,US,East,Massachusetts,Lawrence
Germany,EU,Central,North Rhine-Westphalia,Bonn
United States,US,West,California,Danville
France,EU,Central,Provence-Alpes-Côte d'Azur,Arles
Spain,EU,South,Murcia,Murcia
United Kingdom,EU,North,England,Liverpool
Morocco,Africa,Africa,Fès-Boulemane,Fes
United Kingdom,EU,North,England,Farnborough
China,APAC,North Asia,Sichuan,Suining
Germany,EU,Central,North Rhine-Westphalia,Herne
Cuba,LATAM,Caribbean,Ciego de Ávila,Ciego de Ávila
Russia,EMEA,EMEA,Arkhangel'sk,Arkhangelsk
Slovenia,EMEA,EMEA,Ljubljana,Ljubljana
United States,US,East,Ohio,Marion
Australia,APAC,Oceania,Queensland,Mount Isa
Ukraine,EMEA,EMEA,Chernihiv,Nizhyn
Mali,Africa,Africa,Bamako,Bamako
Uruguay,LATAM,South,Montevideo,Montevideo
Mexico,LATAM,North,Nayarit,Tepic
Ukraine,EMEA,EMEA,Dnipropetrovs'k,Dnipropetrovs'k
India,APAC,Central Asia,Uttar Pradesh,Gorakhpur
Italy,EU,South,Sicily,Catania
France,EU,Central,Ile-de-France,Grigny
China,APAC,North Asia,Sichuan,Yibin
Madagascar,Africa,Africa,Boeny,Mahajanga
Algeria,Africa,Africa,Saida,Saida
France,EU,Central,Ile-de-France,Cergy
Russia,EMEA,EMEA,Stavropol',Arzgir
United Kingdom,EU,North,England,Gravesend
China,APAC,North Asia,Beijing,Mentougou
Mozambique,Africa,Africa,Nampula,Nampula
United States,US,West,Washington,Edmonds
Australia,APAC,Oceania,Victoria,Traralgon
Ukraine,EMEA,EMEA,Vinnytsya,Vinnytsya
United States,US,Central,Illinois,Evanston
United States,US,South,Louisiana,Bossier City
New Zealand,APAC,Oceania,Canterbury,Timaru
France,EU,Central,Aquitaine,Libourne
United States,US,South,Florida,Tampa
Israel,EMEA,EMEA,Southern,Ashdod
Brazil,LATAM,South,Minas Gerais,Patrocínio
United Kingdom,EU,North,England,Slough
France,EU,Central,Brittany,Rennes
China,APAC,North Asia,Shanxi,Datong
Germany,EU,Central,North Rhine-Westphalia,Oberhausen
Zambia,Africa,Africa,Eastern,Chipata
Romania,EMEA,EMEA,Galati,Galati
Australia,APAC,Oceania,Queensland,Toowoomba
France,EU,Central,Ile-de-France,Bry-sur-Marne
Brazil,LATAM,South,Santa Catarina,Balneário Camboriú
France,EU,Central,Centre,Dreux
France,EU,Central,Midi-Pyrénées,Toulouse
Libya,Africa,Africa,Banghazi,Benghazi
Philippines,APAC,Southeast Asia,Calabarzon,Bacoor
China,APAC,North Asia,Guangxi,Nanning
Germany,EU,Central,North Rhine-Westphalia,Stolberg
Italy,EU,South,Apulia,Bari
China,APAC,North Asia,Qinghai,Xining
Saudi Arabia,EMEA,EMEA,Tabuk,Tabuk
China,APAC,North Asia,Guizhou,Guiyang
Mexico,LATAM,North,Durango,Durango
United States,US,Central,Wisconsin,Kenosha
Japan,APAC,North Asia,Tokyo,Tokyo
Israel,EMEA,EMEA,Tel Aviv,Bene Beraq
United Kingdom,EU,North,England,Rotherham
Ireland,EU,North,Cork,Cork
United States,US,Central,Indiana,Columbus
South Africa,Africa,Africa,Gauteng,Roodepoort
France,EU,Central,Rhône-Alpes,Fontaine
Morocco,Africa,Africa,Rabat-Salé-Zemmour-Zaer,Rabat
United States,US,West,California,Temecula
Brazil,LATAM,South,São Paulo,José Bonifácio
Zambia,Africa,Africa,Lusaka,Lusaka
Iraq,EMEA,EMEA,Al Basrah,Basra
United States,US,West,California,Apple Valley
China,APAC,North Asia,Guangdong,Meizhou
Mexico,LATAM,North,Sinaloa,Guasave
United States,US,Central,Texas,Richardson
Brazil,LATAM,South,São Paulo,Santana de Parnaíba
United States,US,South,Alabama,Montgomery
United States,US,Central,Texas,Austin
France,EU,Central,Ile-de-France,Aubervilliers
New Zealand,APAC,Oceania,Wellington,Upper Hutt
France,EU,Central,Ile-de-France,Neuilly-sur-Seine
India,APAC,Central Asia,Haryana,Faridabad
United States,US,West,California,Fairfield
El Salvador,LATAM,Central,Santa Ana,Santa Ana
France,EU,Central,Upper Normandy,Le Havre
Tanzania,Africa,Africa,Mwanza,Mwanza
United States,US,West,Utah,Orem
Guatemala,LATAM,Central,Guatemala,Petapa
United States,US,South,Virginia,Newport News
France,EU,Central,Provence-Alpes-Côte d'Azur,Miramas
South Africa,Africa,Africa,Gauteng,Mabopane
Panama,LATAM,Central,Chiriquí,David
Spain,EU,South,Andalusía,Dos Hermanas
Mexico,LATAM,North,Coahuila,Villa Frontera
United States,US,East,Massachusetts,Franklin
China,APAC,North Asia,Jiangsu,Suzhou
United Kingdom,EU,North,England,Hartlepool
Mexico,LATAM,North,Veracruz,Orizaba
Mexico,LATAM,North,Michoacán,Lázaro Cárdenas
South Korea,APAC,North Asia,Busan,Busan
United States,US,Central,Texas,Pearland
Cuba,LATAM,Caribbean,Holguín,Holguín
India,APAC,Central Asia,Chhattisgarh,Korba
Italy,EU,South,Lazio,Viterbo
France,EU,Central,Languedoc-Roussillon,Carcassonne
Austria,EU,Central,Carinthia,Villach
Italy,EU,South,Apulia,Altamura
United States,US,West,Colorado,Longmont
China,APAC,North Asia,Hubei,Ezhou
Guatemala,LATAM,Central,Escuintla,Escuintla
Pakistan,APAC,Central Asia,Punjab,Gujranwala
Germany,EU,Central,Thuringia,Jena
United Kingdom,EU,North,England,Oxford
India,APAC,Central Asia,Andhra Pradesh,Anantapur
Iran,EMEA,EMEA,Qom,Qom
China,APAC,North Asia,Henan,Jiaozuo
United Kingdom,EU,North,England,Portsmouth
Germany,EU,Central,Lower Saxony,Hildesheim
United Kingdom,EU,North,England,Sunderland
Egypt,Africa,Africa,Al Gharbiyah,Al Mahallah al Kubra
Argentina,LATAM,South,Provincia de Buenos Aires,La Plata
Sweden,EU,North,Skåne,Landskrona
Finland,EU,North,Uusimaa,Helsinki
United States,US,West,Nevada,Las Vegas
Hungary,EMEA,EMEA,Budapest,Budapest
United Kingdom,EU,North,England,Bath
Togo,Africa,Africa,Maritime,Lome
Italy,EU,South,Emilia-Romagna,Ferrara
France,EU,Central,Ile-de-France,Palaiseau
United Kingdom,EU,North,England,Gateshead
France,EU,Central,Alsace,Saint-Louis
United States,US,East,New Jersey,Plainfield
Brazil,LATAM,South,Bahia,Itamaraju
United Kingdom,EU,North,England,Coventry
France,EU,Central,Nord-Pas-de-Calais,Villeneuve-d'Ascq
India,APAC,Central Asia,Uttar Pradesh,Mathura
Germany,EU,Central,Lower Saxony,Wilhelmshaven
Egypt,Africa,Africa,Al Bahr Al Ahmar,Hurghada
India,APAC,Central Asia,Bihar,Gaya
France,EU,Central,Lorraine,Toul
Tanzania,Africa,Africa,Arusha,Arusha
Brazil,LATAM,South,Minas Gerais,Ibirité
Mexico,LATAM,North,Jalisco,Guadalajara
Mexico,LATAM,North,Campeche,Ciudad del Carmen
India,APAC,Central Asia,Maharashtra,Kolhapur
Mexico,LATAM,North,San Luis Potosí,Valles
United States,US,East,Massachusetts,Beverly
United States,US,East,New York,Buffalo
Germany,EU,Central,Hesse,Kassel
United States,US,South,North Carolina,Greensboro
Dominican Republic,LATAM,Caribbean,La Vega,La Vega
Mauritania,Africa,Africa,Nouakchott,Nouakchott
Senegal,Africa,Africa,Saint-Louis,Saint-Louis
Colombia,LATAM,South,Magdalena,Santa Marta
Argentina,LATAM,South,Córdoba,Córdoba
South Africa,Africa,Africa,Western Cape,George
Germany,EU,Central,Baden-Württemberg,Sindelfingen
Japan,APAC,North Asia,Chiba,Kawaguchi
Guatemala,LATAM,Central,Guatemala,Villa Canales
China,APAC,North Asia,Guizhou,Zunyi
China,APAC,North Asia,Heilongjiang,Wuchang
Mexico,LATAM,North,Sonora,Hermosillo
France,EU,Central,Nord-Pas-de-Calais,Douai
Japan,APAC,North Asia,Hiroshima,Fukuyama
Poland,EMEA,EMEA,Silesia,Dabrowa Gornicza
Germany,EU,Central,North Rhine-Westphalia,Essen
United States,US,West,Oregon,Gresham
Spain,EU,South,Galicia,Santiago de Compostela
New Zealand,APAC,Oceania,Wellington,Paraparaumu
Argentina,LATAM,South,San Juan,San Juan
Brazil,LATAM,South,Amazonas,Manaus
France,EU,Central,Ile-de-France,Mantes-la-Jolie
United Kingdom,EU,North,Scotland,Glasgow
United States,US,West,Nevada,Reno
France,EU,Central,Brittany,Pontivy
New Zealand,APAC,Oceania,Bay of Plenty,Tauranga
Netherlands,EU,Central,South Holland,The Hague
Sweden,EU,North,Värmland,Karlstad
India,APAC,Central Asia,Gujarat,Rajkot
India,APAC,Central Asia,Madhya Pradesh,Satna
China,APAC,North Asia,Shaanxi,Yulin
Cuba,LATAM,Caribbean,Granma,Manzanillo
Iraq,EMEA,EMEA,Karbala',Karbala'
Belarus,EMEA,EMEA,Hrodna,Hrodna
United States,US,South,Tennessee,Clarksville
China,APAC,North Asia,Hubei,Guangshui
India,APAC,Central Asia,Rajasthan,Bikaner
India,APAC,Central Asia,Madhya Pradesh,Indore
United Kingdom,EU,North,England,Wigan
Turkey,EMEA,EMEA,Istanbul,Beykoz
France,EU,Central,Provence-Alpes-Côte d'Azur,Le Cannet
United States,US,South,South Carolina,Columbia
India,APAC,Central Asia,Andhra Pradesh,Tirupati
Colombia,LATAM,South,Caldas,Manizales
France,EU,Central,Ile-de-France,Conflans-Sainte-Honorine
United Kingdom,EU,North,England,Leicester
Angola,Africa,Africa,Luanda,Luanda
Democratic Republic of the Congo,Africa,Africa,Equateur,Mbandaka
Mexico,LATAM,North,Morelos,Cuernavaca
Honduras,LATAM,Central,Cortés,San Pedro Sula
China,APAC,North Asia,Fujian,Jinjiang
China,APAC,North Asia,Guangdong,Zhaoqing
United States,US,Central,Oklahoma,Broken Arrow
Spain,EU,South,Castile and León,Ponferrada
France,EU,Central,Ile-de-France,Yerres
United States,US,Central,Indiana,Lawrence
New Zealand,APAC,Oceania,Marlborough,Blenheim
France,EU,Central,Rhône-Alpes,Rillieux-la-Pape
China,APAC,North Asia,Henan,Luohe
Netherlands,EU,Central,South Holland,Spijkenisse
Guinea,Africa,Africa,Nzérékoré,Nzerekore
Nigeria,Africa,Africa,Kaduna,Zaria
Germany,EU,Central,North Rhine-Westphalia,Bielefeld
France,EU,Central,Ile-de-France,Stains
Dominican Republic,LATAM,Caribbean,Duarte,San Francisco de Macorís
Italy,EU,South,Apulia,Lecce
United States,US,West,Colorado,Colorado Springs
Brazil,LATAM,South,Maranhão,São Luís
France,EU,Central,Ile-de-France,Bagnolet
China,APAC,North Asia,Heilongjiang,Qitaihe
India,APAC,Central Asia,Uttar Pradesh,Meerut
Bulgaria,EMEA,EMEA,Shumen,Shumen
Brazil,LATAM,South,Minas Gerais,Ponte Nova
China,APAC,North Asia,Zhejiang,Jinhua
United Kingdom,EU,North,England,Cheltenham
Nigeria,Africa,Africa,Kaduna,Kaduna
Netherlands,EU,Central,North Brabant,Breda
Spain,EU,South,Castile and León,Valladolid
France,EU,Central,Ile-de-France,Courbevoie
Spain,EU,South,Andalusía,Fuengirola
Belgium,EU,Central,Hainaut,Charleroi
Algeria,Africa,Africa,Oran,Oran
Rwanda,Africa,Africa,Kigali,Kigali
Turkey,EMEA,EMEA,Adana,Adana
Brazil,LATAM,South,Minas Gerais,Nova Serrana
Spain,EU,South,Castile-La Mancha,Guadalajara
United States,US,Central,Oklahoma,Oklahoma City
Brazil,LATAM,South,Maranhão,Santa Helena
United States,US,West,Montana,Great Falls
Brazil,LATAM,South,Minas Gerais,Belo Horizonte
Canada,Canada,Canada,Ontario,North York
United States,US,Central,Minnesota,Lakeville
Togo,Africa,Africa,Plateaux,Atakpame
Portugal,EU,South,Lisboa,Amadora
Indonesia,APAC,Southeast Asia,Riau,Pekanbaru
United States,US,West,Colorado,Louisville
United States,US,South,Georgia,Smyrna
United States,US,Central,Minnesota,Saint Cloud
Colombia,LATAM,South,Valle del Cauca,Jamundí
Cameroon,Africa,Africa,Ouest,Foumban
China,APAC,North Asia,Jilin,Jilin
France,EU,Central,Ile-de-France,Versailles
Spain,EU,South,Murcia,Lorca
Germany,EU,Central,Lower Saxony,Langenhagen
Brazil,LATAM,South,Ceará,Caucaia
Iran,EMEA,EMEA,Lorestan,Borujerd
Brazil,LATAM,South,Ceará,Fortaleza
South Korea,APAC,North Asia,Gyeonggi,Anyang
Mexico,LATAM,North,Nuevo León,Apodaca
India,APAC,Central Asia,Maharashtra,Parbhani
Japan,APAC,North Asia,Osaka,Kita-ku
Democratic Republic of the Congo,Africa,Africa,Katanga,Likasi
Brazil,LATAM,South,Bahia,Bom Jesus da Lapa
United States,US,South,Virginia,Arlington
United States,US,Central,Wisconsin,Appleton
El Salvador,LATAM,Central,San Salvador,Apopa
Italy,EU,South,Piedmont,Asti
Brazil,LATAM,South,São Paulo,Mauá
India,APAC,Central Asia,Jharkhand,Ranchi
France,EU,Central,Brittany,Brest
South Africa,Africa,Africa,Kwazulu-natal,Newcastle
Ukraine,EMEA,EMEA,Luhans'k,Luhans'k
Switzerland,EU,Central,Geneva,Geneva
France,EU,Central,Nord-Pas-de-Calais,Hautmont
Germany,EU,Central,Baden-Württemberg,Offenburg
Brazil,LATAM,South,Pará,Ananindeua
India,APAC,Central Asia,Tamil Nadu,Nagercoil
Mexico,LATAM,North,Guerrero,Iguala
United States,US,West,Oregon,Portland
Argentina,LATAM,South,Chubut,Comodoro Rivadavia
India,APAC,Central Asia,Telangana,Nizamabad
United States,US,East,Connecticut,Meriden
Argentina,LATAM,South,Chaco,Resistencia
China,APAC,North Asia,Guizhou,Bijie
Denmark,EU,North,Hovedstaden,Copenhagen
Niger,Africa,Africa,Niamey,Niamey
France,EU,Central,Ile-de-France,Evry
France,EU,Central,Centre,Bourges
United Kingdom,EU,North,England,Great Yarmouth
United States,US,South,Tennessee,Nashville
France,EU,Central,Provence-Alpes-Côte d'Azur,Draguignan
Mexico,LATAM,North,Morelos,Jiutepec
Germany,EU,Central,North Rhine-Westphalia,Hamm
India,APAC,Central Asia,Uttar Pradesh,Bareilly
Turkey,EMEA,EMEA,Ankara,Mamak
France,EU,Central,Ile-de-France,Sannois
Mexico,LATAM,North,México,Toluca
Austria,EU,Central,Upper Austria,Linz
United States,US,Central,Iowa,Dubuque
Papua New Guinea,APAC,Oceania,National Capital,Port Moresby
Iran,EMEA,EMEA,Kerman,Kerman
United States,US,East,Ohio,Lakewood
Honduras,LATAM,Central,Atlántida,La Ceiba
Australia,APAC,Oceania,New South Wales,Port Macquarie
New Zealand,APAC,Oceania,Nelson,Nelson
Poland,EMEA,EMEA,Pomerania,Gdansk
India,APAC,Central Asia,Puducherry,Puducherry
United States,US,South,Arkansas,Little Rock
South Korea,APAC,North Asia,Gyeongsangnam,Changwon
Germany,EU,Central,North Rhine-Westphalia,Remscheid
United Kingdom,EU,North,England,Exeter
China,APAC,North Asia,Sichuan,Leshan
Guatemala,LATAM,Central,Guatemala,Chinautla
Germany,EU,Central,Brandenburg,Brandenburg
France,EU,Central,Ile-de-France,Saint-Ouen
France,EU,Central,Ile-de-France,Le Plessis-Robinson
Germany,EU,Central,Saxony-Anhalt,Halle
United Kingdom,EU,North,England,Harrow
France,EU,Central,Rhône-Alpes,Echirolles
France,EU,Central,Picardy,Nogent-sur-Oise
Italy,EU,South,Campania,Casoria
Australia,APAC,Oceania,New South Wales,Griffith
Brazil,LATAM,South,Rio de Janeiro,Barra Mansa
United States,US,Central,Illinois,Naperville
France,EU,Central,Rhône-Alpes,Saint-Genis-Laval
Colombia,LATAM,South,Tolima,Ibagué
India,APAC,Central Asia,Tamil Nadu,Tirunelveli
Mongolia,EMEA,EMEA,Ulaanbaatar,Ulan Bator
France,EU,Central,Pays de la Loire,Les Herbiers
United States,US,West,Washington,Pasco
United States,US,West,Wyoming,Cheyenne
Italy,EU,South,Umbria,Perugia
Germany,EU,Central,Saxony,Dresden
Brazil,LATAM,South,Parana,Francisco Beltrão
France,EU,Central,Centre,Tours
Brazil,LATAM,South,São Paulo,Araçatuba
Australia,APAC,Oceania,South Australia,Gawler
United States,US,Central,Iowa,Des Moines
Netherlands,EU,Central,Groningen,Groningen
India,APAC,Central Asia,Maharashtra,Ichalkaranji
Italy,EU,South,Campania,Naples
Sudan,Africa,Africa,Red Sea,Bur Sudan
India,APAC,Central Asia,Uttar Pradesh,Firozabad
Germany,EU,Central,Bavaria,Aschaffenburg
France,EU,Central,Picardy,Soissons
Japan,APAC,North Asia,Kanagawa,Aoba-ku
Turkey,EMEA,EMEA,Istanbul,Silivri
Malaysia,APAC,Southeast Asia,Sabah,Tawau
Brazil,LATAM,South,São Paulo,Limeira
United Kingdom,EU,North,England,Oldham
Brazil,LATAM,South,Santa Catarina,Itajaí
Brazil,LATAM,South,Goiás,Goiânia
Germany,EU,Central,Rhineland-Palatinate,Neuwied
Italy,EU,South,Campania,Marano di Napoli
New Zealand,APAC,Oceania,Auckland,Papakura
United Kingdom,EU,North,England,Watford
China,APAC,North Asia,Liaoning,Dalian
France,EU,Central,Rhône-Alpes,Annecy
United States,US,West,California,Sunnyvale
Mexico,LATAM,North,Tamaulipas,Madero
China,APAC,North Asia,Shaanxi,Tongchuan
Ukraine,EMEA,EMEA,Donetsk,Kramators'k
India,APAC,Central Asia,Madhya Pradesh,Ujjain
India,APAC,Central Asia,West Bengal,Asansol
India,APAC,Central Asia,Odisha,Brahmapur
France,EU,Central,Ile-de-France,Roissy-en-Brie
Italy,EU,South,Lombardy,Varese
France,EU,Central,Ile-de-France,Coulommiers
United Kingdom,EU,North,England,Chelmsford
Portugal,EU,South,Coimbra,Coimbra
United Kingdom,EU,North,England,Ashford
Cote d'Ivoire,Africa,Africa,Vallee Du Bandama,Bouake
Australia,APAC,Oceania,Victoria,Mildura
Venezuela,LATAM,South,Anzoátegui,Puerto La Cruz
Brazil,LATAM,South,Rio de Janeiro,Teresópolis
Brazil,LATAM,South,Minas Gerais,Juiz de Fora
Italy,EU,South,Apulia,Foggia
United States,US,East,Ohio,Parma
United States,US,West,New Mexico,Farmington
Mexico,LATAM,North,Puebla,Cholula
France,EU,Central,Midi-Pyrénées,Pamiers
Brazil,LATAM,South,Santa Catarina,Criciúma
Brazil,LATAM,South,São Paulo,Taubaté
France,EU,Central,Ile-de-France,Pantin
United States,US,West,Arizona,Gilbert
United States,US,East,New York,Oceanside
Mexico,LATAM,North,Guanajuato,Celaya
United Kingdom,EU,North,England,Mansfield
Iran,EMEA,EMEA,Fars,Kazerun
China,APAC,North Asia,Shanxi,Taiyuan
United States,US,Central,Texas,Pasadena
Mexico,LATAM,North,Tamaulipas,Río Bravo
Spain,EU,South,Andalusía,Chiclana de la Frontera
Mexico,LATAM,North,Sinaloa,Los Mochis
United States,US,South,Virginia,Suffolk
China,APAC,North Asia,Guizhou,Anshun
Mexico,LATAM,North,México,San Pablo de las Salinas
France,EU,Central,Ile-de-France,Poissy
Honduras,LATAM,Central,Choluteca,Choluteca
Mexico,LATAM,North,Veracruz,San Andrés Tuxtla
United States,US,West,Colorado,Fort Collins
United States,US,East,Ohio,Dublin
Japan,APAC,North Asia,Kanagawa,Hiratsuka
China,APAC,North Asia,Hubei,Huangshi
China,APAC,North Asia,Jiangsu,Xinghua
United States,US,South,Tennessee,Knoxville
Sudan,Africa,Africa,Khartoum,Khartoum
Egypt,Africa,Africa,Al Minya,Al Minya
United States,US,Central,Michigan,Midland
Italy,EU,South,Veneto,Vicenza
Peru,LATAM,South,Lima (city),Lima
France,EU,Central,Ile-de-France,Pontoise
South Korea,APAC,North Asia,Daejeon,Daejeon
United States,US,East,Ohio,Springfield
China,APAC,North Asia,Henan,Zhengzhou
France,EU,Central,Brittany,Landerneau
France,EU,Central,Upper Normandy,Rouen
China,APAC,North Asia,Shandong,Heze
Mozambique,Africa,Africa,Zambezia,Quelimane
Mexico,LATAM,North,Puebla,Atlixco
Bangladesh,APAC,Central Asia,Rajshahi,Rajshahi
France,EU,Central,Rhône-Alpes,Villefontaine
Panama,LATAM,Central,Panama,Arraiján
Mexico,LATAM,North,Querétaro,Querétaro
Romania,EMEA,EMEA,Prahova,Ploiesti
Sudan,Africa,Africa,Kassala,Kassala
Iran,EMEA,EMEA,Kordestan,Saqqez
Colombia,LATAM,South,Risaralda,Dos Quebradas
Malaysia,APAC,Southeast Asia,Negeri Sembilan,Seremban
France,EU,Central,Ile-de-France,Meudon
Czech Republic,EMEA,EMEA,Hradec Kralove,Hradec Kralove
United States,US,Central,Illinois,Peoria
France,EU,Central,Ile-de-France,Villemomble
Indonesia,APAC,Southeast Asia,Nusa Tenggara Timur,Kupang
Mexico,LATAM,North,Nuevo León,General Escobedo
Japan,APAC,North Asia,Fukuoka,Kawasaki
France,EU,Central,Ile-de-France,Rambouillet
Russia,EMEA,EMEA,Chelyabinsk,Kopeysk
China,APAC,North Asia,Liaoning,Kaiyuan
Italy,EU,South,Emilia-Romagna,Parma
Brazil,LATAM,South,Alagoas,Maceió
Zambia,Africa,Africa,Copperbelt,Ndola
Iraq,EMEA,EMEA,Salah Ad Din,Samarra'
China,APAC,North Asia,Anhui,Huainan
Ukraine,EMEA,EMEA,Sumy,Sumy
Italy,EU,South,Apulia,Taranto
Australia,APAC,Oceania,South Australia,Mount Gambier
United Kingdom,EU,North,England,Bolton
Brazil,LATAM,South,São Paulo,Valinhos
Morocco,Africa,Africa,Doukkala-Abda,Safi
United States,US,South,Mississippi,Jackson
France,EU,Central,Ile-de-France,Marly-le-Roi
Spain,EU,South,Galicia,Lugo
Bolivia,LATAM,South,Potosí,Potosí
United States,US,East,New Jersey,Belleville
Germany,EU,Central,Lower Saxony,Oldenburg
Mexico,LATAM,North,Nuevo León,Garza García
United States,US,East,New Hampshire,Concord
Syria,EMEA,EMEA,Dayr Az Zawr,Dayr az Zawr
Russia,EMEA,EMEA,Irkutsk,Irkutsk
Panama,LATAM,Central,Panama,San Miguelito
Chile,LATAM,South,Biobio,Chillán
Australia,APAC,Oceania,Victoria,Wodonga
France,EU,Central,Rhône-Alpes,Annonay
China,APAC,North Asia,Hubei,Zhongxiang
Somalia,Africa,Africa,Banaadir,Mogadishu
Russia,EMEA,EMEA,Bryansk,Bryansk
Russia,EMEA,EMEA,Arkhangel'sk,Severodvinsk
China,APAC,North Asia,Sichuan,Chengdu
Australia,APAC,Oceania,New South Wales,Armidale
South Africa,Africa,Africa,Gauteng,Soweto
India,APAC,Central Asia,Maharashtra,Durgapur
Cuba,LATAM,Caribbean,Isla de la Juventud,Nueva Gerona
Argentina,LATAM,South,Chaco,Presidencia Roque Sáenz Peña
France,EU,Central,Midi-Pyrénées,Castres
China,APAC,North Asia,Liaoning,Fushun
Brazil,LATAM,South,São Paulo,Franca
Germany,EU,Central,Rhineland-Palatinate,Ludwigshafen am Rhein
Chile,LATAM,South,Arica y Parinacota,Arica
France,EU,Central,Ile-de-France,Sartrouville
Kenya,Africa,Africa,Coast,Mombasa
Turkey,EMEA,EMEA,Aydin,Nazilli
China,APAC,North Asia,Jilin,Jiutai
Sierra Leone,Africa,Africa,Eastern,Koidu
China,APAC,North Asia,Heilongjiang,Suihua
Italy,EU,South,Sicily,Messina
France,EU,Central,Champagne-Ardenne,Reims
Iran,EMEA,EMEA,Khuzestan,Behbahan
India,APAC,Central Asia,Rajasthan,Ajmer
Romania,EMEA,EMEA,Cluj,Cluj-Napoca
Romania,EMEA,EMEA,Bihor,Oradea
United Kingdom,EU,North,England,Bristol
Nicaragua,LATAM,Central,Managua,Tipitapa
Spain,EU,South,Valenciana,Alicante
Belgium,EU,Central,Limburg,Hasselt
China,APAC,North Asia,Xinjiang Uygur,Aksu
Turkey,EMEA,EMEA,Trabzon,Trabzon
Germany,EU,Central,North Rhine-Westphalia,Troisdorf
Guinea,Africa,Africa,Kindia,Kindia
France,EU,Central,Provence-Alpes-Côte d'Azur,Aix-en-Provence
Egypt,Africa,Africa,Al Gharbiyah,Tanta
Honduras,LATAM,Central,Cortés,Choloma
India,APAC,Central Asia,Maharashtra,Ulhasnagar
Venezuela,LATAM,South,Distrito Capital,Caracas
Ukraine,EMEA,EMEA,Kirovohrad,Oleksandriya
Canada,Canada,Canada,Ontario,Mississauga
United States,US,Central,Missouri,Independence
France,EU,Central,Nord-Pas-de-Calais,Wattrelos
China,APAC,North Asia,Guangdong,Licheng
Netherlands,EU,Central,Utrecht,Nieuwegein
China,APAC,North Asia,Jiangsu,Huaiyin
India,APAC,Central Asia,Maharashtra,Pimpri
United States,US,Central,Texas,Brownsville
Cote d'Ivoire,Africa,Africa,Lagunes,Abidjan
Finland,EU,North,Finland Proper,Turku
Jamaica,LATAM,Caribbean,Saint Catherine,Portmore
Russia,EMEA,EMEA,Ivanovo,Ivanovo
Cuba,LATAM,Caribbean,Artemisa,Artemisa
France,EU,Central,Poitou-Charentes,Niort
Turkey,EMEA,EMEA,Denizli,Denizli
Netherlands,EU,Central,Limburg,Heerlen
United States,US,Central,Texas,Pharr
Venezuela,LATAM,South,Carabobo,Valencia
Japan,APAC,North Asia,Kagawa,Takamatsu
Russia,EMEA,EMEA,Kaluga,Kaluga
United States,US,West,California,Burbank
Indonesia,APAC,Southeast Asia,Papua,Jayapura
France,EU,Central,Provence-Alpes-Côte d'Azur,Martigues
France,EU,Central,Corsica,Bastia
United States,US,South,Florida,Deltona
Canada,Canada,Canada,Ontario,London
Guinea,Africa,Africa,Kankan,Kankan
China,APAC,North Asia,Guangdong,Shanwei
France,EU,Central,Ile-de-France,Massy
Canada,Canada,Canada,Ontario,Vaughan
Mexico,LATAM,North,Coahuila,Acuña
Germany,EU,Central,Lower Saxony,Langen
France,EU,Central,Aquitaine,Villeneuve-sur-Lot
United Kingdom,EU,North,England,Manchester
Italy,EU,South,Lombardy,Como
France,EU,Central,Ile-de-France,Les Ulis
Ukraine,EMEA,EMEA,Zaporizhzhya,Melitopol'
Netherlands,EU,Central,North Holland,Haarlem
United States,US,South,Tennessee,Memphis
Israel,EMEA,EMEA,Southern,Ashqelon
United Kingdom,EU,North,England,Garforth
Bosnia and Herzegovina,EMEA,EMEA,Federation of Bosnia and Herzegovina,Sarajevo
New Zealand,APAC,Oceania,Otago,Dunedin
Spain,EU,South,Basque Country,Vitoria
United Kingdom,EU,North,England,Middlesbrough
Guinea-Bissau,Africa,Africa,Bissau,Bissau
Australia,APAC,Oceania,New South Wales,Dubbo
Italy,EU,South,Liguria,Genoa
India,APAC,Central Asia,Madhya Pradesh,Ratlam
Ukraine,EMEA,EMEA,Khmel'nyts'kyy,Khmel'nyts'kyy
China,APAC,North Asia,Zhejiang,Linhai
France,EU,Central,Nord-Pas-de-Calais,Avion
Germany,EU,Central,Baden-Württemberg,Pforzheim
India,APAC,Central Asia,Tamil Nadu,Coimbatore
United States,US,South,North Carolina,Durham
Philippines,APAC,Southeast Asia,National Capital,Makati
Belgium,EU,Central,Antwerp,Mechelen
United States,US,East,New Jersey,Perth Amboy
India,APAC,Central Asia,Andhra Pradesh,Nellore
Italy,EU,South,Lazio,Tivoli
Brazil,LATAM,South,Mato Grosso,Cuiabá
Cuba,LATAM,Caribbean,Pinar del Río,Pinar del Río
Mexico,LATAM,North,México,Coacalco
United States,US,East,Ohio,Bowling Green
United States,US,South,Florida,Tamarac
Colombia,LATAM,South,Norte de Santander,Cúcuta
Brazil,LATAM,South,Rio Grande do Sul,Ijuí
United States,US,East,Maryland,Clinton
Mozambique,Africa,Africa,Sofala,Beira
United Kingdom,EU,North,England,Basildon
Cote d'Ivoire,Africa,Africa,Lacs,Yamoussoukro
United States,US,West,California,San Jose
United States,US,Central,Texas,Huntsville
France,EU,Central,Nord-Pas-de-Calais,Maubeuge
Djibouti,Africa,Africa,Djibouti,Djibouti
Japan,APAC,North Asia,Saga,Saga
France,EU,Central,Midi-Pyrénées,Tournefeuille
United States,US,East,Pennsylvania,Chester
China,APAC,North Asia,Guangdong,Donghai
Canada,Canada,Canada,Ontario,Oshawa
United Kingdom,EU,North,England,Crewe
France,EU,Central,Ile-de-France,Sucy-en-Brie
United States,US,South,Tennessee,Jackson
United States,US,Central,Minnesota,Roseville
United States,US,West,Washington,Renton
Kenya,Africa,Africa,Rift Valley,Nakuru
France,EU,Central,Ile-de-France,Montmorency
Brazil,LATAM,South,São Paulo,Barueri
France,EU,Central,Nord-Pas-de-Calais,Valenciennes
India,APAC,Central Asia,Uttar Pradesh,Bilaspur
Brazil,LATAM,South,Minas Gerais,Divinópolis
Romania,EMEA,EMEA,Timis,Lugoj
Mexico,LATAM,North,Guanajuato,Salamanca
Brazil,LATAM,South,Rio Grande do Sul,Passo Fundo
France,EU,Central,Pays de la Loire,Saumur
Germany,EU,Central,North Rhine-Westphalia,Siegen
Indonesia,APAC,Southeast Asia,Riau,Dumai
Italy,EU,South,Sicily,Palermo
India,APAC,Central Asia,Karnataka,Tumkur
United States,US,East,New York,Mount Vernon
France,EU,Central,Limousin,Limoges
France,EU,Central,Nord-Pas-de-Calais,Wasquehal
Italy,EU,South,Sardinia,Cagliari
France,EU,Central,Brittany,Vannes
Switzerland,EU,Central,Vaud,Lausanne
France,EU,Central,Ile-de-France,Athis-Mons
Israel,EMEA,EMEA,Jerusalem,Jerusalem
Venezuela,LATAM,South,Miranda,Charallave
Iran,EMEA,EMEA,Khuzestan,Masjed Soleyman
Cuba,LATAM,Caribbean,Santiago de Cuba,Palma Soriano
El Salvador,LATAM,Central,Sonsonate,Sonsonate
United Kingdom,EU,North,England,Northampton
Germany,EU,Central,Thuringia,Gera
United States,US,West,California,Redondo Beach
United Kingdom,EU,North,England,Walsall
United States,US,South,Arkansas,Jonesboro
Germany,EU,Central,Brandenburg,Potsdam
Italy,EU,South,Tuscany,Grosseto
United States,US,West,Colorado,Parker
Germany,EU,Central,Saarland,Neunkirchen
France,EU,Central,Provence-Alpes-Côte d'Azur,Marignane
United States,US,West,Idaho,Boise
South Africa,Africa,Africa,Kwazulu-natal,Pietermaritzburg
Guatemala,LATAM,Central,Huehuetenango,Huehuetenango
Ecuador,LATAM,South,Azuay,Cuenca
Saudi Arabia,EMEA,EMEA,Al Madinah,Medina
United States,US,Central,Texas,Mansfield
Australia,APAC,Oceania,New South Wales,Tamworth
United Kingdom,EU,North,England,Worcester
France,EU,Central,Ile-de-France,Champigny-sur-Marne
Nigeria,Africa,Africa,Rivers,Port Harcourt
United States,US,South,Tennessee,Smyrna
United States,US,South,Alabama,Hoover
Brazil,LATAM,South,Minas Gerais,Ituiutaba
India,APAC,Central Asia,Chhattisgarh,Raipur
India,APAC,Central Asia,Assam,Guwahati
Turkey,EMEA,EMEA,Gaziantep,Gaziantep
Spain,EU,South,Andalusía,Jerez de la Frontera
Italy,EU,South,Tuscany,Carrara
Romania,EMEA,EMEA,Constanta,Constanta
Brazil,LATAM,South,São Paulo,Cotia
United States,US,Central,Texas,Beaumont
Iran,EMEA,EMEA,Kerman,Rafsanjan
Venezuela,LATAM,South,Carabobo,Guacara
Saudi Arabia,EMEA,EMEA,Ash Sharqiyah,Al Mubarraz
United Kingdom,EU,North,Scotland,Aberdeen
Brazil,LATAM,South,Minas Gerais,Montes Claros
Panama,LATAM,Central,Panama,La Chorrera
Benin,Africa,Africa,Littoral,Cotonou
United States,US,East,District of Columbia,Washington
United States,US,West,California,Chico
Chile,LATAM,South,Santiago,Puente Alto
Mexico,LATAM,North,Colima,Tecomán
Pakistan,APAC,Central Asia,Khyber Pakhtunkhwa,Peshawar
Japan,APAC,North Asia,Kanagawa,Kawasaki
United States,US,West,California,Pasadena
Italy,EU,South,Campania,Acerra
Mexico,LATAM,North,Guerrero,Chilpancingo
Iran,EMEA,EMEA,Esfahan,Khomeynishahr
United States,US,Central,Oklahoma,Edmond
China,APAC,North Asia,Anhui,Jieshou
Canada,Canada,Canada,British Columbia,Surrey
Mexico,LATAM,North,Yucatán,Progreso
United States,US,Central,Illinois,Decatur
Chile,LATAM,South,Santiago,San Bernardo
Germany,EU,Central,Baden-Württemberg,Aalen
India,APAC,Central Asia,Maharashtra,Aurangabad
Kenya,Africa,Africa,Eastern,Marsabit
Poland,EMEA,EMEA,Lodz,Lodz
Pakistan,APAC,Central Asia,Punjab,Multan
United States,US,East,Pennsylvania,Allentown
Zambia,Africa,Africa,Copperbelt,Mufulira
Germany,EU,Central,Mecklenburg-Vorpommern,Greifswald
United States,US,West,Arizona,Tempe
United Kingdom,EU,North,England,Letchworth
Iraq,EMEA,EMEA,Ninawa,Mosul
Brazil,LATAM,South,Paraíba,João Pessoa
Romania,EMEA,EMEA,Sibiu,Sibiu
France,EU,Central,Ile-de-France,Fresnes
Mexico,LATAM,North,Distrito Federal,Cuajimalpa
Mexico,LATAM,North,Veracruz,Córdoba
United States,US,South,Arkansas,Fayetteville
Tunisia,Africa,Africa,Tunis,Tunis
Brazil,LATAM,South,São Paulo,Itapevi
Germany,EU,Central,North Rhine-Westphalia,Halle
Argentina,LATAM,South,Santa Fe,Rosario
Ukraine,EMEA,EMEA,Mykolayiv,Mykolayiv
Norway,EU,North,Rogaland,Sandnes
Nicaragua,LATAM,Central,Masaya,Masaya
United States,US,South,Florida,Kissimmee
United Kingdom,EU,North,England,Aylesbury
Brazil,LATAM,South,Parana,Cambé
Brazil,LATAM,South,Sergipe,Aracaju
United Kingdom,EU,North,England,Warrington
Nicaragua,LATAM,Central,Granada,Granada
Brazil,LATAM,South,Ceará,Limoeiro do Norte
Australia,APAC,Oceania,New South Wales,Katoomba
Indonesia,APAC,Southeast Asia,Jawa Timur,Kediri
Russia,EMEA,EMEA,Yaroslavl',Yaroslavl'
Russia,EMEA,EMEA,Bashkortostan,Salavat
Indonesia,APAC,Southeast Asia,Jawa Timur,Malang
France,EU,Central,Nord-Pas-de-Calais,Calais
United States,US,West,Utah,Provo
Brazil,LATAM,South,Goiás,Novo Gama
United Kingdom,EU,North,England,Peterborough
Australia,APAC,Oceania,Western Australia,Bunbury
United Kingdom,EU,North,England,Plymouth
Australia,APAC,Oceania,Queensland,Maryborough
Belgium,EU,Central,Flemish Brabant,Leuven
Croatia,EMEA,EMEA,Grad Zagreb,Zagreb
Mexico,LATAM,North,Tabasco,Frontera
Brazil,LATAM,South,Rio de Janeiro,Resende
China,APAC,North Asia,Shandong,Weifang
France,EU,Central,Ile-de-France,Chaville
India,APAC,Central Asia,Punjab,Patiala
Iraq,EMEA,EMEA,Babil,Al Hillah
United Kingdom,EU,North,England,Lowestoft
Netherlands,EU,Central,Overijssel,Hardenberg
Hong Kong,APAC,North Asia,Hong Kong,Kowloon
El Salvador,LATAM,Central,San Salvador,Cuscatancingo
China,APAC,North Asia,Shandong,Yantai
Australia,APAC,Oceania,Victoria,Melton
Norway,EU,North,Buskerud,Drammen
United States,US,South,Alabama,Auburn
Netherlands,EU,Central,North Brabant,Oosterhout
United States,US,West,California,Torrance
France,EU,Central,Midi-Pyrénées,Montauban
China,APAC,North Asia,Sichuan,Jiangyou
France,EU,Central,Ile-de-France,Livry-Gargan
Brazil,LATAM,South,São Paulo,Sorocaba
China,APAC,North Asia,Shaanxi,Xi'an
Nepal,APAC,Central Asia,Central,Kathmandu
France,EU,Central,Brittany,Quimper
Mexico,LATAM,North,México,Ixtapaluca
Germany,EU,Central,Hesse,Wiesbaden
Poland,EMEA,EMEA,Pomerania,Gdynia
Germany,EU,Central,Saxony-Anhalt,Magdeburg
France,EU,Central,Ile-de-France,Gennevilliers
Spain,EU,South,Catalonia,Castelldefels
United Kingdom,EU,North,England,Widnes
Russia,EMEA,EMEA,Dagestan,Kaspiysk
Brazil,LATAM,South,Santa Catarina,Chapecó
India,APAC,Central Asia,Bihar,Darbhanga
United States,US,South,Florida,Coral Springs
United States,US,Central,Texas,Laredo
Austria,EU,Central,Carinthia,Klagenfurt
Egypt,Africa,Africa,Aswan,Aswan
Cuba,LATAM,Caribbean,Cienfuegos,Cienfuegos
Mexico,LATAM,North,Distrito Federal,Miguel Hidalgo
Lithuania,EMEA,EMEA,Panevezys,Panevezys
Germany,EU,Central,North Rhine-Westphalia,Erftstadt
Germany,EU,Central,North Rhine-Westphalia,Lippstadt
France,EU,Central,Limousin,Brive-la-Gaillarde
New Zealand,APAC,Oceania,Gisborne,Gisborne
Germany,EU,Central,North Rhine-Westphalia,Pulheim
France,EU,Central,Nord-Pas-de-Calais,Coudekerque-Branche
Belgium,EU,Central,West Flanders,Roeselare
United States,US,Central,Illinois,Highland Park
Colombia,LATAM,South,Magdalena,Ciénaga
Turkey,EMEA,EMEA,Bingol,Bingol
Guadeloupe,LATAM,Caribbean,Guadeloupe,Les Abymes
United Kingdom,EU,North,England,Swindon
Brazil,LATAM,South,Pernambuco,Abreu e Lima
Colombia,LATAM,South,Risaralda,Pereira
Denmark,EU,North,South Denmark,Odense
China,APAC,North Asia,Hainan,Haikou
Mexico,LATAM,North,Sonora,Obregón
Iran,EMEA,EMEA,Mazandaran,Sari
Venezuela,LATAM,South,Miranda,Baruta
China,APAC,North Asia,Zhejiang,Hangzhou
Zambia,Africa,Africa,Copperbelt,Chingola
France,EU,Central,Centre,Saint-Cyr-sur-Loire
India,APAC,Central Asia,Andhra Pradesh,Guntur
Japan,APAC,North Asia,Hyogo,Nishinomiya
Germany,EU,Central,Hesse,Offenbach
United Kingdom,EU,North,England,Waterlooville
China,APAC,North Asia,Guangdong,Huizhou
Egypt,Africa,Africa,Suhaj,Sohag
United States,US,South,Alabama,Decatur
United Kingdom,EU,North,England,Dewsbury
Kyrgyzstan,EMEA,EMEA,Bishkek,Bishkek
China,APAC,North Asia,Jiangsu,Licheng
Kenya,Africa,Africa,Central,Thika
France,EU,Central,Rhône-Alpes,Bron
United States,US,Central,Illinois,Normal
Netherlands,EU,Central,Overijssel,Deventer
China,APAC,North Asia,Liaoning,Tieling
Dominican Republic,LATAM,Caribbean,Santiago,Santiago de los Caballeros
Canada,Canada,Canada,Quebec,Laval
France,EU,Central,Ile-de-France,Montereau-Fault-Yonne
Zimbabwe,Africa,Africa,Bulawayo,Bulawayo
China,APAC,North Asia,Hebei,Xuanhua
France,EU,Central,Provence-Alpes-Côte d'Azur,Vallauris
United States,US,West,Oregon,Redmond
United Kingdom,EU,North,Wales,Clydach
China,APAC,North Asia,Shaanxi,Xianyang
Australia,APAC,Oceania,New South Wales,Forster
United States,US,West,Oregon,Springfield
United Kingdom,EU,North,England,Dartford
Japan,APAC,North Asia,Mie,Yokkaichi
Spain,EU,South,Andalusía,El Ejido
Austria,EU,Central,Salzburg,Salzburg
United Kingdom,EU,North,Scotland,Dundee
India,APAC,Central Asia,Karnataka,Belgaum
Poland,EMEA,EMEA,Silesia,Rybnik
Tanzania,Africa,Africa,Iringa,Iringa
Nigeria,Africa,Africa,Edo,Benin City
United States,US,Central,Texas,Arlington
China,APAC,North Asia,Hubei,Yicheng
Germany,EU,Central,Schleswig-Holstein,Kiel
Germany,EU,Central,Rhineland-Palatinate,Kaiserslautern
France,EU,Central,Ile-de-France,Garches
United States,US,East,Connecticut,Waterbury
Germany,EU,Central,Bavaria,Rosenheim
United Kingdom,EU,North,England,Poole
United States,US,West,Idaho,Pocatello
France,EU,Central,Ile-de-France,Villejuif
South Africa,Africa,Africa,North-West,Vryburg
Uzbekistan,EMEA,EMEA,Surxondaryo,Termez
China,APAC,North Asia,Shandong,Xintai
United States,US,Central,Indiana,Richmond
China,APAC,North Asia,Guangdong,Wuchuan
Mexico,LATAM,North,Michoacán,Heroica Zitácuaro
Canada,Canada,Canada,British Columbia,Richmond
Germany,EU,Central,Rhineland-Palatinate,Worms
Germany,EU,Central,Hesse,Darmstadt
France,EU,Central,Auvergne,Issoire
China,APAC,North Asia,Heilongjiang,Yichun
France,EU,Central,Ile-de-France,Issy-les-Moulineaux
China,APAC,North Asia,Guangdong,Chaozhou
China,APAC,North Asia,Liaoning,Chaoyang
Spain,EU,South,Andalusía,Granada
India,APAC,Central Asia,Odisha,Bhubaneswar
Australia,APAC,Oceania,New South Wales,Broken Hill
Portugal,EU,South,Porto,Porto
United States,US,South,Tennessee,Columbia
China,APAC,North Asia,Fujian,Sanming
New Zealand,APAC,Oceania,Southland,Invercargill
United States,US,West,Utah,Salt Lake City
Malaysia,APAC,Southeast Asia,Sarawak,Kuching
Indonesia,APAC,Southeast Asia,Jawa Timur,Probolinggo
United States,US,West,Arizona,Chandler
Afghanistan,APAC,Central Asia,Kandahar,Kandahar
Colombia,LATAM,South,Boyacá,Duitama
France,EU,Central,Ile-de-France,Taverny
Brazil,LATAM,South,Rio Grande do Sul,Caxias do Sul
United States,US,Central,Illinois,Elmhurst
Algeria,Africa,Africa,Laghouat,Laghouat
South Sudan,Africa,Africa,Central Equatoria,Juba
Brazil,LATAM,South,São Paulo,Sumaré
Italy,EU,South,Tuscany,Lucca
Germany,EU,Central,North Rhine-Westphalia,Minden
Germany,EU,Central,North Rhine-Westphalia,Herten
Brazil,LATAM,South,Rio Grande do Sul,Pelotas
United States,US,West,Colorado,Arvada
Brazil,LATAM,South,Mato Grosso do Sul,Campo Grande
New Zealand,APAC,Oceania,Wellington,Lower Hutt
Poland,EMEA,EMEA,Greater Poland,Poznan
Brazil,LATAM,South,São Paulo,Birigui
Sudan,Africa,Africa,Gezira,Wad Madani
United States,US,South,South Carolina,Florence
Pakistan,APAC,Central Asia,F.C.T.,Islamabad
United Kingdom,EU,North,England,Stevenage
China,APAC,North Asia,Jiangxi,Nanchang
Ecuador,LATAM,South,Guayas,Guayaquil
Chile,LATAM,South,O'Higgins,Rancagua
Pakistan,APAC,Central Asia,Punjab,Rawalpindi
China,APAC,North Asia,Guangdong,Zhuhai
India,APAC,Central Asia,Madhya Pradesh,Mau
Iran,EMEA,EMEA,Tehran,Shahriar
Cuba,LATAM,Caribbean,Santiago de Cuba,Contramaestre
France,EU,Central,Rhône-Alpes,Thonon-les-Bains
France,EU,Central,Provence-Alpes-Côte d'Azur,Allauch
India,APAC,Central Asia,Punjab,Amritsar
Brazil,LATAM,South,Mato Grosso,Rondonópolis
China,APAC,North Asia,Hebei,Handan
Spain,EU,South,Madrid,Coslada
United States,US,South,Florida,Plantation
Nigeria,Africa,Africa,Bauchi,Bauchi
United States,US,Central,Minnesota,Maple Grove
United States,US,East,New York,Auburn
Germany,EU,Central,North Rhine-Westphalia,Ratingen
Philippines,APAC,Southeast Asia,National Capital,Caloocan
United States,US,West,California,Inglewood
Gabon,Africa,Africa,Estuaire,Libreville
United States,US,Central,Illinois,Saint Charles
United States,US,West,California,Pomona
Poland,EMEA,EMEA,Opole,Opole
United States,US,South,North Carolina,Gastonia
Brazil,LATAM,South,São Paulo,São Bernardo do Campo
France,EU,Central,Lorraine,Metz
United States,US,West,Arizona,Peoria
United States,US,West,New Mexico,Albuquerque
United States,US,Central,Texas,Plano
China,APAC,North Asia,Anhui,Tongling
Mexico,LATAM,North,Colima,Colima
United States,US,Central,Wisconsin,Green Bay
Austria,EMEA,EMEA,Carinthia,Klagenfurt
United Kingdom,EU,North,England,Cheshunt
United States,US,East,Connecticut,Middletown
United States,US,West,California,Chula Vista
United States,US,West,California,Riverside
Brazil,LATAM,South,São Paulo,Guarulhos
Belarus,EMEA,EMEA,Homyel',Homyel'
United Kingdom,EU,North,England,Torquay
France,EU,Central,Languedoc-Roussillon,Narbonne
Bangladesh,APAC,Central Asia,Sylhet,Sylhet
Malaysia,APAC,Southeast Asia,Sabah,Sandakan
Japan,APAC,North Asia,Ishikawa,Takamatsu
Bahrain,EMEA,EMEA,Muharraq,Al Muharraq
India,APAC,Central Asia,Maharashtra,Akola
United States,US,East,New York,Troy
United States,US,West,California,El Cajon
United Kingdom,EU,North,England,Birkenhead
France,EU,Central,Provence-Alpes-Côte d'Azur,Istres
France,EU,Central,Ile-de-France,Noisy-le-Sec
China,APAC,North Asia,Zhejiang,Shangyu
Canada,Canada,Canada,Manitoba,Winnipeg
Canada,Canada,Canada,British Columbia,Burnaby
Romania,EMEA,EMEA,Bacau,Bacau
China,APAC,North Asia,Jiangsu,Nantong
France,EU,Central,Provence-Alpes-Côte d'Azur,Mougins
Italy,EU,South,Trentino-Alto Adige,Bolzano
France,EU,Central,Picardy,Amiens
Philippines,APAC,Southeast Asia,Northern Mindanao,Valencia
Brazil,LATAM,South,Rio Grande do Sul,Farroupilha
China,APAC,North Asia,Tianjin,Hangu
Turkey,EMEA,EMEA,Istanbul,Uskudar
China,APAC,North Asia,Hunan,Wuxi
Spain,EU,South,Andalusía,Lora del Río
United States,US,Central,Texas,Mcallen
Panama,LATAM,Central,Colón,Colón
France,EU,Central,Ile-de-France,Torcy
Iran,EMEA,EMEA,Zanjan,Zanjan
Nigeria,Africa,Africa,Cross River,Calabar
New Zealand,APAC,Oceania,Bay of Plenty,Rotorua
Mexico,LATAM,North,Veracruz,Veracruz
Turkey,EMEA,EMEA,Ankara,Sincan
Germany,EU,Central,North Rhine-Westphalia,Paderborn
France,EU,Central,Ile-de-France,Orsay
United States,US,East,Ohio,Medina
Venezuela,LATAM,South,Miranda,Guatire
France,EU,Central,Ile-de-France,Thiais
Paraguay,LATAM,South,Central,San Lorenzo
Russia,EMEA,EMEA,Bashkortostan,Sterlitamak
France,EU,Central,Aquitaine,La Teste-de-Buch
Israel,EMEA,EMEA,Haifa,Haifa
Colombia,LATAM,South,Atlántico,Barranquilla
Niger,Africa,Africa,Maradi,Maradi
United States,US,Central,Michigan,Dearborn
Brazil,LATAM,South,Santa Catarina,Blumenau
Brazil,LATAM,South,Pernambuco,Gravatá
United States,US,West,Arizona,Scottsdale
United States,US,West,California,Oxnard
United Kingdom,EU,North,England,Margate
Italy,EU,South,Sicily,Trapani
France,EU,Central,Aquitaine,Lormont
Brazil,LATAM,South,Rio Grande do Sul,Sapucaia do Sul
Brazil,LATAM,South,Maranhão,Paço do Lumiar
China,APAC,North Asia,Hubei,Jingmen
Indonesia,APAC,Southeast Asia,Bengkulu,Bengkulu
United States,US,Central,Missouri,Kirkwood
Mozambique,Africa,Africa,Niassa,Lichinga
Pakistan,APAC,Central Asia,Punjab,Sargodha
Turkey,EMEA,EMEA,Mardin,Mardin
France,EU,Central,Ile-de-France,Aulnay-sous-Bois
United States,US,West,Arizona,Mesa
India,APAC,Central Asia,Bihar,Bihar Sharif
Canada,Canada,Canada,Ontario,Ottawa
United Kingdom,EU,North,England,Huyton
Pakistan,APAC,Central Asia,Sindh,Hyderabad
Yemen,EMEA,EMEA,Ta'izz,Taizz
France,EU,Central,Ile-de-France,Trappes
France,EU,Central,Ile-de-France,Montrouge
Angola,Africa,Africa,Huambo,Huambo
Germany,EU,Central,North Rhine-Westphalia,Wuppertal
Italy,EU,South,Veneto,Verona
United Kingdom,EU,North,England,Brighton
Germany,EU,Central,Bavaria,Bayreuth
Turkey,EMEA,EMEA,Ankara,Ankara
Mexico,LATAM,North,Puebla,Tehuacán
United Kingdom,EU,North,England,Redditch
United States,US,West,Washington,Kent
Vietnam,APAC,Southeast Asia,Dà Nang,Da Nang
South Africa,Africa,Africa,Eastern Cape,Umtata
India,APAC,Central Asia,Karnataka,Hubli
Germany,EU,Central,Brandenburg,Ludwigsfelde
United Kingdom,EU,North,England,Maidenhead
Germany,EU,Central,Lower Saxony,Delmenhorst
Canada,Canada,Canada,Ontario,Kingston
France,EU,Central,Ile-de-France,Gagny
United Kingdom,EU,North,England,Weston-super-Mare
Malaysia,APAC,Southeast Asia,Trengganu,Kuala Terengganu
Germany,EU,Central,Lower Saxony,Emden
Germany,EU,Central,Baden-Württemberg,Karlsruhe
Jordan,EMEA,EMEA,'Amman,Amman
France,EU,Central,Aquitaine,Pau
Canada,Canada,Canada,Alberta,Calgary
Canada,Canada,Canada,Ontario,Whitby
Italy,EU,South,Lombardy,Legnano
India,APAC,Central Asia,West Bengal,Baranagar
Peru,LATAM,South,Arequipa,Arequipa
Brazil,LATAM,South,Rio Grande do Sul,Gravataí
Brazil,LATAM,South,Rio de Janeiro,Niterói
France,EU,Central,Provence-Alpes-Côte d'Azur,Avignon
Iran,EMEA,EMEA,Kordestan,Sanandaj
Turkey,EMEA,EMEA,Kocaeli,Gebze
France,EU,Central,Nord-Pas-de-Calais,Hazebrouck
Sweden,EU,North,Uppsala,Uppsala
Poland,EMEA,EMEA,Pomerania,Slupsk
United States,US,Central,Indiana,South Bend
France,EU,Central,Aquitaine,Agen
United Kingdom,EU,North,England,Wallasey
United Arab Emirates,EMEA,EMEA,Ra's Al Khaymah,Ras al Khaymah
Australia,APAC,Oceania,Tasmania,Burnie
China,APAC,North Asia,Henan,Xinxiang
Spain,EU,South,Basque Country,Irun
Indonesia,APAC,Southeast Asia,Kalimantan Barat,Pontianak
United States,US,Central,Michigan,Roseville
Germany,EU,Central,North Rhine-Westphalia,Grevenbroich
Canada,Canada,Canada,Ontario,Hamilton
Brazil,LATAM,South,Rio Grande do Sul,Santa Rosa
Argentina,LATAM,South,Entre Ríos,Paraná
United States,US,Central,Michigan,Canton
United Kingdom,EU,North,England,Guildford
Poland,EMEA,EMEA,Silesia,Ruda Slaska
France,EU,Central,Provence-Alpes-Côte d'Azur,Six-Fours-les-Plages
United States,US,South,Kentucky,Murray
Brazil,LATAM,South,Bahia,Salvador
United Kingdom,EU,North,England,Luton
Germany,EU,Central,Brandenburg,Cottbus
United Kingdom,EU,North,Scotland,Kilwinning
China,APAC,North Asia,Sichuan,Neijiang
Albania,EMEA,EMEA,Shkodër,Shkoder
Iran,EMEA,EMEA,Khuzestan,Abadan
United States,US,Central,Kansas,Overland Park
Philippines,APAC,Southeast Asia,Calabarzon,Cainta
Netherlands,EU,Central,North Holland,Velsen
Iran,EMEA,EMEA,Khuzestan,Ahvaz
United States,US,Central,Oklahoma,Lawton
United States,US,East,New Jersey,Paterson
India,APAC,Central Asia,Gujarat,Jamnagar
Sweden,EU,North,Västra Götaland,Gothenburg
South Africa,Africa,Africa,Kwazulu-natal,Durban
Cuba,LATAM,Caribbean,Matanzas,Cárdenas
Germany,EU,Central,North Rhine-Westphalia,Rheine
Venezuela,LATAM,South,Zulia,Maracaibo
France,EU,Central,Nord-Pas-de-Calais,Tourcoing
United States,US,Central,Missouri,Saint Peters
Brazil,LATAM,South,Bahia,Guanambi
Pakistan,APAC,Central Asia,Sindh,Sukkur
France,EU,Central,Rhône-Alpes,Firminy
Spain,EU,South,Madrid,Las Rozas de Madrid
India,APAC,Central Asia,Uttar Pradesh,Moradabad
Tanzania,Africa,Africa,Shinyanga,Shinyanga
Moldova,EMEA,EMEA,Chisinau,Chisinau
United States,US,West,California,Lakewood
Japan,APAC,North Asia,Ibaraki,Sakai
Brazil,LATAM,South,Bahia,Barreiras
France,EU,Central,Corsica,Ajaccio
France,EU,Central,Rhône-Alpes,Meyzieu
Turkey,EMEA,EMEA,Batman,Batman
United States,US,Central,Wisconsin,La Crosse
Democratic Republic of the Congo,Africa,Africa,South Kivu,Bukavu
Argentina,LATAM,South,Mendoza,San Rafael
Iran,EMEA,EMEA,Golestan,Gorgan
United States,US,South,Georgia,Woodstock
Italy,EU,South,Lombardy,Brescia
Germany,EU,Central,Baden-Württemberg,Heidelberg
France,EU,Central,Alsace,Haguenau
Nigeria,Africa,Africa,Plateau,Jos
Chile,LATAM,South,Magallanes y Antártica Chilena,Punta Arenas
Ireland,EU,North,Galway,Galway
China,APAC,North Asia,Zhejiang,Wenzhou
Romania,EMEA,EMEA,Gorj,Targu Jiu
Germany,EU,Central,Bavaria,Ingolstadt
United States,US,East,West Virginia,Wheeling
United States,US,South,Mississippi,Southaven
Colombia,LATAM,South,Huila,Neiva
France,EU,Central,Ile-de-France,Savigny-le-Temple
Spain,EU,South,Catalonia,Tarragona
China,APAC,North Asia,Henan,Pingdingshan
Brazil,LATAM,South,Rio Grande do Sul,Canoas
Romania,EMEA,EMEA,Timis,Timisoara
Germany,EU,Central,Mecklenburg-Vorpommern,Stralsund
Spain,EU,South,Ceuta,Ceuta
Bulgaria,EMEA,EMEA,Varna,Varna
Turkey,EMEA,EMEA,Nevsehir,Nevsehir
Mexico,LATAM,North,Guanajuato,Guanajuato
Iran,EMEA,EMEA,Qazvin,Takestan
Argentina,LATAM,South,Provincia de Buenos Aires,Quilmes
Brazil,LATAM,South,Acre,Rio Branco
United States,US,West,Oregon,Salem
El Salvador,LATAM,Central,San Salvador,Delgado
Romania,EMEA,EMEA,Bistrita-Nasaud,Bistrita
Philippines,APAC,Southeast Asia,Central Luzon,Angeles City
Germany,EU,Central,North Rhine-Westphalia,Gelsenkirchen
Peru,LATAM,South,Junín,Huancayo
United States,US,West,California,Vallejo
Netherlands,EU,Central,Utrecht,Amersfoort
United States,US,West,California,Camarillo
China,APAC,North Asia,Shandong,Linyi
Ukraine,EMEA,EMEA,Kherson,Kherson
Spain,EU,South,Catalonia,Girona
Germany,EU,Central,North Rhine-Westphalia,Dorsten
Ukraine,EMEA,EMEA,Kirovohrad,Kirovohrad
Dominican Republic,LATAM,Caribbean,Espaillat,Moca
Ukraine,EMEA,EMEA,Zaporizhzhya,Berdyans'k
Brazil,LATAM,South,São Paulo,Osasco
Italy,EU,South,Apulia,Cerignola
Iran,EMEA,EMEA,Bushehr,Borazjan
Austria,EU,Central,Upper Austria,Wels
United States,US,West,California,Mission Viejo
Switzerland,EU,Central,Bern,Berne
Brazil,LATAM,South,Pernambuco,Surubim
United States,US,Central,Minnesota,Woodbury
India,APAC,Central Asia,Jammu and Kashmir,Jammu
United States,US,Central,Illinois,Des Plaines
Cote d'Ivoire,Africa,Africa,Dix-Huit Montagnes,Man
France,EU,Central,Brittany,Saint-Malo
Cameroon,Africa,Africa,Sud,Ebolowa
Benin,Africa,Africa,Donga,Djougou
Senegal,Africa,Africa,Thies,Thies Nones
Brazil,LATAM,South,Alagoas,Pilar
Algeria,Africa,Africa,Batna,Batna
United States,US,West,California,Roseville
France,EU,Central,Aquitaine,Villenave-d'Ornon
United States,US,East,New Jersey,Passaic
United Kingdom,EU,North,England,Wakefield
Germany,EU,Central,Schleswig-Holstein,Norderstedt
France,EU,Central,Ile-de-France,Saint-Michel-sur-Orge
Croatia,EMEA,EMEA,Zagrebacka,Samobor
Canada,Canada,Canada,Saskatchewan,Regina
China,APAC,North Asia,Hunan,Changsha
United States,US,Central,Michigan,Dearborn Heights
United States,US,West,Idaho,Twin Falls
France,EU,Central,Ile-de-France,Les Clayes-sous-Bois
China,APAC,North Asia,Chongqing,Yongchuan
France,EU,Central,Ile-de-France,Melun
Germany,EU,Central,Saxony,Chemnitz
Netherlands,EU,Central,South Holland,Rotterdam
Germany,EU,Central,Rhineland-Palatinate,Koblenz
Indonesia,APAC,Southeast Asia,Sumatera Utara,Binjai
United States,US,West,Arizona,Yuma
Jordan,EMEA,EMEA,'Amman,Wadi as Sir
Germany,EU,Central,North Rhine-Westphalia,Hagen
Iran,EMEA,EMEA,Sistan Va Baluchestan,Zahedan
China,APAC,North Asia,Guangdong,Heyuan
United Kingdom,EU,North,England,Halesowen
China,APAC,North Asia,Guangxi,Pingnan
Angola,Africa,Africa,Huila,Lubango
Turkey,EMEA,EMEA,Adana,Ceyhan
United States,US,South,South Carolina,Mount Pleasant
China,APAC,North Asia,Hebei,Xingtai
Iran,EMEA,EMEA,Hormozgan,Bandar Abbas
Haiti,LATAM,Caribbean,Artibonite,Gonaïves
United States,US,South,North Carolina,Wilmington
Italy,EU,South,Abruzzi,Chieti
France,EU,Central,Burgundy,Auxerre
United States,US,West,New Mexico,Rio Rancho
France,EU,Central,Aquitaine,Gradignan
United States,US,Central,Michigan,Trenton
Romania,EMEA,EMEA,Satu Mare,Satu Mare
Spain,EU,South,Catalonia,Badalona
Turkey,EMEA,EMEA,Izmir,Bornova
Lebanon,EMEA,EMEA,North Lebanon,Tripoli
United Kingdom,EU,North,England,Lincoln
United Kingdom,EU,North,England,Washington
United States,US,South,Louisiana,Monroe
United States,US,West,California,Lake Forest
Switzerland,EU,Central,Zürich,Winterthur
France,EU,Central,Lower Normandy,Caen
Brazil,LATAM,South,Santa Catarina,Araranguá
France,EU,Central,Languedoc-Roussillon,Frontignan
Mexico,LATAM,North,Coahuila,Piedras Negras
China,APAC,North Asia,Anhui,Huangshan
Russia,EMEA,EMEA,Dagestan,Derbent
United States,US,Central,Illinois,Wheeling
Romania,EMEA,EMEA,Valcea,Ramnicu Valcea
United States,US,East,Pennsylvania,Reading
Israel,EMEA,EMEA,Central,Hod HaSharon
United States,US,West,California,Hesperia
Democratic Republic of the Congo,Africa,Africa,Orientale,Kisangani
Australia,APAC,Oceania,Queensland,Gladstone
Brazil,LATAM,South,São Paulo,Santos
France,EU,Central,Provence-Alpes-Côte d'Azur,Pertuis
France,EU,Central,Upper Normandy,Mont-Saint-Aignan
France,EU,Central,Provence-Alpes-Côte d'Azur,Le Pontet
China,APAC,North Asia,Hunan,Zhuzhou
France,EU,Central,Midi-Pyrénées,Colomiers
Australia,APAC,Oceania,New South Wales,Cessnock
China,APAC,North Asia,Henan,Nanyang
Colombia,LATAM,South,Nariño,Pasto
United States,US,West,California,San Bernardino
United States,US,South,Florida,Apopka
Algeria,Africa,Africa,Batna,Barika
China,APAC,North Asia,Fujian,Fuzhou
Philippines,APAC,Southeast Asia,Calabarzon,Taytay
France,EU,Central,Ile-de-France,Ermont
China,APAC,North Asia,Henan,Zhoukou
France,EU,Central,Ile-de-France,Les Mureaux
Iran,EMEA,EMEA,Razavi Khorasan,Quchan
Mexico,LATAM,North,Tamaulipas,Miramar
Georgia,EMEA,EMEA,Imereti,K'ut'aisi
Spain,EU,South,Murcia,Cartagena
Poland,EMEA,EMEA,Silesia,Myslowice
Ukraine,EMEA,EMEA,Rivne,Rivne
Netherlands,EU,Central,Drenthe,Emmen
China,APAC,North Asia,Hunan,Chenzhou
United States,US,East,Massachusetts,Revere
Poland,EMEA,EMEA,Masovia,Siedlce
China,APAC,North Asia,Heilongjiang,Shuangyashan
Brazil,LATAM,South,Minas Gerais,Paracatu
South Korea,APAC,North Asia,Jeju,Aew?l-li
Colombia,LATAM,South,Chocó,Quibdó
Russia,EMEA,EMEA,Stavropol',Budënnovsk
Bulgaria,EMEA,EMEA,Burgas,Burgas
Russia,EMEA,EMEA,Chelyabinsk,Zlatoust
Brazil,LATAM,South,Espírito Santo,Vitória
Afghanistan,APAC,Central Asia,Nangarhar,Jalalabad
Spain,EU,South,Catalonia,Sabadell
Brazil,LATAM,South,São Paulo,Presidente Prudente
Cameroon,Africa,Africa,Nord,Garoua
Democratic Republic of the Congo,Africa,Africa,Katanga,Kolwezi
Spain,EU,South,Andalusía,San Fernando
Belgium,EU,Central,Liège,Verviers
United States,US,Central,Kansas,Wichita
United States,US,West,Oregon,Eugene
India,APAC,Central Asia,Uttar Pradesh,Saharanpur
Italy,EU,South,Lombardy,Cremona
Brazil,LATAM,South,Rio de Janeiro,Duque de Caxias
Poland,EMEA,EMEA,Masovia,Warsaw
United States,US,West,California,Bakersfield
Brazil,LATAM,South,Rio Grande do Sul,Lajeado
Czech Republic,EMEA,EMEA,Plzen,Plzen
Belarus,EMEA,EMEA,Homyel',Mazyr
Spain,EU,South,Madrid,Getafe
China,APAC,North Asia,Inner Mongolia,Tongliao
Mexico,LATAM,North,Chiapas,San Cristóbal de Las Casas
United States,US,East,Ohio,Mentor
Turkey,EMEA,EMEA,Bursa,Bursa
Brazil,LATAM,South,Santa Catarina,Gaspar
South Korea,APAC,North Asia,Daegu,Daegu
Brazil,LATAM,South,Minas Gerais,Betim
Australia,APAC,Oceania,New South Wales,Goulburn
Brazil,LATAM,South,Parana,Rolândia
China,APAC,North Asia,Hubei,Laohekou
United Kingdom,EU,North,England,Blackburn
Netherlands,EU,Central,Gelderland,Doetinchem
Romania,EMEA,EMEA,Botosani,Botosani
Egypt,Africa,Africa,Bani Suwayf,Beni Suef
France,EU,Central,Midi-Pyrénées,Tarbes
Italy,EU,South,Sicily,Modica
United States,US,Central,Texas,Grand Prairie
Swaziland,Africa,Africa,Manzini,Manzini
United States,US,Central,Texas,Port Arthur
Mexico,LATAM,North,Guanajuato,San Francisco del Rincón
France,EU,Central,Ile-de-France,Chatou
United States,US,East,Ohio,Akron
Italy,EU,South,Piedmont,Novara
United States,US,West,Colorado,Broomfield
Netherlands,EU,Central,South Holland,Capelle aan den IJssel
Brazil,LATAM,South,São Paulo,Francisco Morato
Australia,APAC,Oceania,Queensland,Torquay
South Africa,Africa,Africa,Western Cape,Stellenbosch
United States,US,Central,Indiana,La Porte
France,EU,Central,Lorraine,Bar-le-Duc
Brazil,LATAM,South,São Paulo,Jundiaí
Mexico,LATAM,North,México,Cuautitlán
Spain,EU,South,Castile and León,Palencia
Nigeria,Africa,Africa,Enugu,Enugu
Egypt,Africa,Africa,Aswan,Idfu
United States,US,Central,Illinois,Buffalo Grove
United States,US,Central,Illinois,Woodstock
Mexico,LATAM,North,Colima,Manzanillo
Brazil,LATAM,South,Pernambuco,Recife
United Kingdom,EU,North,England,Bedford
Tanzania,Africa,Africa,Ruvuma,Mbinga
United States,US,South,North Carolina,Monroe
Cameroon,Africa,Africa,Nord-Ouest,Bamenda
Germany,EU,Central,Baden-Württemberg,Heilbronn
Mexico,LATAM,North,Jalisco,Puerto Vallarta
China,APAC,North Asia,Heilongjiang,Qiqihar
France,EU,Central,Ile-de-France,Sarcelles
France,EU,Central,Nord-Pas-de-Calais,Carvin
Italy,EU,South,Lazio,Latina
Indonesia,APAC,Southeast Asia,Jawa Tengah,Purwokerto
United States,US,Central,Minnesota,Rochester
Italy,EU,South,Campania,Torre del Greco
Turkey,EMEA,EMEA,Diyarbakir,Diyarbakir
France,EU,Central,Ile-de-France,Mitry-Mory
India,APAC,Central Asia,Uttarakhand,Srinagar
Romania,EMEA,EMEA,Mures,Targu Mures
Trinidad and Tobago,LATAM,Caribbean,Chaguanas,Chaguanas
United States,US,East,New York,Utica
Colombia,LATAM,South,Norte de Santander,Los Patios
Brazil,LATAM,South,Goiás,Anápolis
United States,US,South,Florida,Orlando
United Kingdom,EU,North,England,Bournemouth
Brazil,LATAM,South,Rio Grande do Sul,Porto Alegre
Brazil,LATAM,South,São Paulo,São José dos Campos
United States,US,West,California,Pico Rivera
Malaysia,APAC,Southeast Asia,Perak,Taiping
Brazil,LATAM,South,São Paulo,Andradina
Germany,EU,Central,Thuringia,Erfurt
United States,US,West,Washington,Olympia
United States,US,West,California,Vacaville
United States,US,West,Oregon,Tigard
United States,US,West,California,Stockton
Bulgaria,EMEA,EMEA,Vratsa,Vratsa
Venezuela,LATAM,South,Guárico,Valle de La Pascua
Spain,EU,South,Castile-La Mancha,Talavera de la Reina
United States,US,East,New York,Hempstead
Italy,EU,South,Tuscany,Montecatini Terme
Venezuela,LATAM,South,Bolivar,Guayana
United States,US,Central,Missouri,Gladstone
China,APAC,North Asia,Hubei,Yingcheng
Mexico,LATAM,North,Chiapas,Tuxtla Gutiérrez
Philippines,APAC,Southeast Asia,National Capital,Pasig
Peru,LATAM,South,Ucayali,Pucallpa
United States,US,South,Tennessee,Johnson City
Canada,Canada,Canada,Ontario,Richmond Hill
Italy,EU,South,Campania,Capua
Mexico,LATAM,North,Querétaro,San Juan del Río
Peru,LATAM,South,Ica,Chincha Alta
United States,US,West,California,Oceanside
Brazil,LATAM,South,Paraíba,Sousa
United Kingdom,EU,North,England,Norwich
Italy,EU,South,Campania,Boscoreale
Germany,EU,Central,Baden-Württemberg,Friedrichshafen
Uzbekistan,EMEA,EMEA,Namangan,Namangan
Bolivia,LATAM,South,Tarija,Yacuiba
Chile,LATAM,South,Santiago,La Pintana
France,EU,Central,Ile-de-France,Corbeil-Essonnes
France,EU,Central,Aquitaine,Anglet
Cameroon,Africa,Africa,Est,Bertoua
Brazil,LATAM,South,Piauí,Teresina
Honduras,LATAM,Central,Yoro,El Progreso
Democratic Republic of the Congo,Africa,Africa,Bandundu,Kikwit
South Africa,Africa,Africa,Limpopo,Giyani
Colombia,LATAM,South,Santander,Girón
Israel,EMEA,EMEA,Tel Aviv,Holon
Brazil,LATAM,South,Pará,Altamira
United States,US,Central,Michigan,Oak Park
Brazil,LATAM,South,Rio de Janeiro,Cabo Frio
France,EU,Central,Auvergne,Moulins
United Kingdom,EU,North,England,Stockport
Guatemala,LATAM,Central,Guatemala,Amatitlán
United States,US,Central,Wisconsin,Eau Claire
United Kingdom,EU,North,England,Hove
Turkey,EMEA,EMEA,Istanbul,Kartal
United States,US,East,Pennsylvania,York
Nigeria,Africa,Africa,Oyo,Ibadan
Brazil,LATAM,South,São Paulo,Jacareí
Germany,EU,Central,North Rhine-Westphalia,Marl
France,EU,Central,Ile-de-France,Bonneuil-sur-Marne
United States,US,Central,Illinois,Skokie
Saudi Arabia,EMEA,EMEA,'Asir,Abha
Tanzania,Africa,Africa,Tanga,Tanga
United Kingdom,EU,North,England,Eastbourne
Egypt,Africa,Africa,Suhaj,Tahta
Belarus,EMEA,EMEA,Vitsyebsk,Orsha
Yemen,EMEA,EMEA,Ibb,Ibb
Brazil,LATAM,South,Minas Gerais,Passos
France,EU,Central,Lower Normandy,Cherbourg-Octeville
Mexico,LATAM,North,Morelos,Temixco
United States,US,Central,Illinois,Oswego
United Kingdom,EU,North,England,Rottingdean
China,APAC,North Asia,Heilongjiang,Hailin
United States,US,West,California,Salinas
Morocco,Africa,Africa,Souss-Massa-Draâ,Agadir
France,EU,Central,Languedoc-Roussillon,Castelnau-le-Lez
Romania,EMEA,EMEA,Neamt,Roman
United States,US,West,California,Costa Mesa
Ukraine,EMEA,EMEA,Chernihiv,Chernihiv
Zambia,Africa,Africa,Southern,Livingstone
United States,US,Central,Wisconsin,Superior
United States,US,West,California,Whittier
Kenya,Africa,Africa,Nyanza,Kisumu
Algeria,Africa,Africa,Constantine,Constantine
Democratic Republic of the Congo,Africa,Africa,Maniema,Kindu
Egypt,Africa,Africa,Al Buhayrah,Damanhur
Egypt,Africa,Africa,Al Minufiyah,Minuf
Ukraine,EMEA,EMEA,Cherkasy,Cherkasy
Turkey,EMEA,EMEA,Bolu,Bolu
United States,US,West,California,Morgan Hill
India,APAC,Central Asia,Rajasthan,Kota
India,APAC,Central Asia,Haryana,Hisar
United States,US,Central,Illinois,Carol Stream
France,EU,Central,Centre,Chartres
United States,US,Central,Texas,Lubbock
China,APAC,North Asia,Guangxi,Guiping
China,APAC,North Asia,Hebei,Shijiazhuang
Peru,LATAM,South,Callao,Callao
Japan,APAC,North Asia,Oita,Yokkaichi
Kyrgyzstan,EMEA,EMEA,Osh,Osh
United Kingdom,EU,North,England,Rochdale
Mexico,LATAM,North,Oaxaca,Salina Cruz
Germany,EU,Central,Baden-Württemberg,Villingen-Schwenningen
China,APAC,North Asia,Jilin,Huadian
Venezuela,LATAM,South,Vargas,Catia La Mar
France,EU,Central,Pays de la Loire,Cholet
South Korea,APAC,North Asia,Gyeonggi,Bucheon
France,EU,Central,Ile-de-France,Fontenay-sous-Bois
United States,US,South,Florida,Hollywood
Sweden,EU,North,Stockholm,Nacka
France,EU,Central,Provence-Alpes-Côte d'Azur,Cannes
Philippines,APAC,Southeast Asia,Calabarzon,Calamba
France,EU,Central,Nord-Pas-de-Calais,La Madeleine
United Kingdom,EU,North,Scotland,Livingston
Brazil,LATAM,South,Roraima,Boa Vista
United States,US,South,Arkansas,Pine Bluff
Sudan,Africa,Africa,White Nile,Ad Diwem
India,APAC,Central Asia,Telangana,Karimnagar
Afghanistan,APAC,Central Asia,Hirat,Herat
Japan,APAC,North Asia,Osaka,Takatsuki
United States,US,East,New Jersey,Clifton
Russia,EMEA,EMEA,Irkutsk,Angarsk
Italy,EU,South,Lombardy,Gallarate
Mexico,LATAM,North,Quintana Roo,Chetumal
United States,US,South,Tennessee,Franklin
United States,US,East,Maine,Bangor
Netherlands,EU,Central,North Holland,Zaanstad
United States,US,Central,Indiana,Mishawaka
Ukraine,EMEA,EMEA,Donetsk,Horlivka
Brazil,LATAM,South,Alagoas,São Miguel dos Campos
Ghana,Africa,Africa,Northern,Tamale
France,EU,Central,Provence-Alpes-Côte d'Azur,Salon-de-Provence
France,EU,Central,Poitou-Charentes,Cognac
Bulgaria,EMEA,EMEA,Plovdiv,Plovdiv
France,EU,Central,Nord-Pas-de-Calais,Halluin
United Kingdom,EU,North,England,Hereford
China,APAC,North Asia,Zhejiang,Huzhou
Germany,EU,Central,North Rhine-Westphalia,Recklinghausen
Ecuador,LATAM,South,Manabi,Portoviejo
Cameroon,Africa,Africa,Adamaoua,Ngaoundere
Brazil,LATAM,South,Rio Grande do Sul,São Leopoldo
Italy,EU,South,Tuscany,Pistoia
Spain,EU,South,Catalonia,Rubí
China,APAC,North Asia,Chongqing,Hechuan
Poland,EMEA,EMEA,Masovia,Radom
Turkey,EMEA,EMEA,Istanbul,Esenyurt
Italy,EU,South,Lombardy,Bergamo
Brazil,LATAM,South,São Paulo,Diadema
France,EU,Central,Ile-de-France,Vanves
Tanzania,Africa,Africa,Kilimanjaro,Moshi
Brazil,LATAM,South,São Paulo,Jaú
Brazil,LATAM,South,Santa Catarina,Caçador
United States,US,West,California,Murrieta
Bolivia,LATAM,South,La Paz,La Paz
Philippines,APAC,Southeast Asia,Central Luzon,San Jose del Monte
United States,US,Central,Minnesota,Moorhead
Brazil,LATAM,South,São Paulo,Lorena
United Kingdom,EU,North,England,Northwich
India,APAC,Central Asia,Telangana,Warangal
Turkey,EMEA,EMEA,Ankara,Polatli
United Kingdom,EU,North,England,Dunstable
Turkmenistan,EMEA,EMEA,Ashgabat,Ashgabat
Colombia,LATAM,South,Caquetá,Florencia
India,APAC,Central Asia,Maharashtra,Dhule
Iran,EMEA,EMEA,Esfahan,Najafabad
France,EU,Central,Franche-Comté,Belfort
United States,US,West,California,Santa Maria
United States,US,West,New Mexico,Carlsbad
Mexico,LATAM,North,Jalisco,Lagos de Moreno
France,EU,Central,Ile-de-France,Pontault-Combault
United States,US,Central,Texas,Bryan
Turkey,EMEA,EMEA,Manisa,Turgutlu
United States,US,South,Georgia,Athens
Italy,EU,South,Marche,Pesaro
United States,US,South,Florida,Saint Petersburg
United States,US,East,Massachusetts,Quincy
Romania,EMEA,EMEA,Iasi,Iasi
Brazil,LATAM,South,Rio Grande do Norte,Mossoró
Germany,EU,Central,Hesse,Friedberg
United States,US,East,Pennsylvania,Lancaster
China,APAC,North Asia,Henan,Puyang
Chile,LATAM,South,Los Lagos,Puerto Montt
Egypt,Africa,Africa,Al Fayyum,Al Fayyum
Jordan,EMEA,EMEA,Irbid,Irbid
Brazil,LATAM,South,Minas Gerais,Barbacena
China,APAC,North Asia,Henan,Zhumadian
Iran,EMEA,EMEA,Markazi,Arak
France,EU,Central,Languedoc-Roussillon,Perpignan
United States,US,East,New Jersey,Westfield
United States,US,Central,Texas,Waco
Germany,EU,Central,Baden-Württemberg,Ludwigsburg
France,EU,Central,Ile-de-France,Franconville
Brazil,LATAM,South,Alagoas,Penedo
Ukraine,EMEA,EMEA,Dnipropetrovs'k,Dniprodzerzhyns'k
Cote d'Ivoire,Africa,Africa,Savanes,Korhogo
France,EU,Central,Lower Normandy,Flers
Poland,EMEA,EMEA,Lesser Poland,Tarnow
Germany,EU,Central,Lower Saxony,Lohne
Tanzania,Africa,Africa,Mara,Musoma
Tanzania,Africa,Africa,Mbeya,Mbeya
Japan,APAC,North Asia,Aichi,Kasugai
Brazil,LATAM,South,Bahia,Senhor do Bonfim
France,EU,Central,Rhône-Alpes,Sallanches
Netherlands,EU,Central,Gelderland,Apeldoorn
Turkey,EMEA,EMEA,Bingol,Karliova
France,EU,Central,Midi-Pyrénées,Plaisance-du-Touch
Turkey,EMEA,EMEA,Kirsehir,Kirsehir
Iran,EMEA,EMEA,Gilan,Bandar-e Anzali
Italy,EU,South,Friuli-Venezia Giulia,Trieste
Turkey,EMEA,EMEA,Balikesir,Balikesir
France,EU,Central,Ile-de-France,Colombes
Mexico,LATAM,North,Veracruz,Acayucan
United States,US,Central,Texas,Irving
Italy,EU,South,Emilia-Romagna,Carpi
Iran,EMEA,EMEA,Mazandaran,Amol
Pakistan,APAC,Central Asia,Punjab,Bahawalpur
Iran,EMEA,EMEA,Sistan Va Baluchestan,Zabol
Spain,EU,South,Catalonia,Reus
Portugal,EU,South,Braga,Braga
Spain,EU,South,Extremadura,Badajoz
France,EU,Central,Lorraine,Hayange
Algeria,Africa,Africa,Bejaia,Bejaia
Germany,EU,Central,North Rhine-Westphalia,Unna
United States,US,South,Arkansas,Texarkana
Bolivia,LATAM,South,Chuquisaca,Sucre
United States,US,West,California,Ontario
France,EU,Central,Pays de la Loire,La Roche-sur-Yon
Netherlands,EU,Central,Overijssel,Almelo
Brazil,LATAM,South,Rio Grande do Sul,Vacaria
Spain,EU,South,Andalusía,Marbella
United States,US,South,Louisiana,Lake Charles
Turkey,EMEA,EMEA,Malatya,Malatya
Brazil,LATAM,South,Pernambuco,Bezerros
Saudi Arabia,EMEA,EMEA,Ash Sharqiyah,Al Hufuf
Brazil,LATAM,South,Rio Grande do Sul,Bagé
Netherlands,EU,Central,South Holland,Delft
Netherlands,EU,Central,Limburg,Sittard
India,APAC,Central Asia,West Bengal,Panihati
Mexico,LATAM,North,Michoacán,Hidalgo
France,EU,Central,Ile-de-France,Choisy-le-Roi
India,APAC,Central Asia,Rajasthan,Raipur
Netherlands,EU,Central,North Holland,Uithoorn
United States,US,Central,South Dakota,Sioux Falls
France,EU,Central,Ile-de-France,Eragny
United States,US,West,California,Lake Elsinore
Mexico,LATAM,North,Baja California,Rosarito
United States,US,East,New York,New Rochelle
India,APAC,Central Asia,Chandigarh,Chandigarh
Japan,APAC,North Asia,Kanagawa,Sagamihara
China,APAC,North Asia,Sichuan,Xichang
France,EU,Central,Provence-Alpes-Côte d'Azur,Cagnes-sur-Mer
Poland,EMEA,EMEA,Silesia,Zabrze
Spain,EU,South,Murcia,Molina de Segura
Democratic Republic of the Congo,Africa,Africa,Bas-Congo,Matadi
China,APAC,North Asia,Yunnan,Kaiyuan
Argentina,LATAM,South,Corrientes,Esquina
Iran,EMEA,EMEA,Markazi,Saveh
Turkey,EMEA,EMEA,Ankara,Cankaya
Brazil,LATAM,South,Rio Grande do Sul,Uruguaiana
France,EU,Central,Rhône-Alpes,Valence
Zimbabwe,Africa,Africa,Harare,Chitungwiza
South Africa,Africa,Africa,Eastern Cape,East London
United States,US,South,Arkansas,Conway
Nigeria,Africa,Africa,Borno,Maiduguri
France,EU,Central,Ile-de-France,Gonesse
Netherlands,EU,Central,South Holland,Schiedam
United States,US,South,Mississippi,Hattiesburg
Germany,EU,Central,North Rhine-Westphalia,Wetter (Ruhr)
Colombia,LATAM,South,Santander,Floridablanca
United Kingdom,EU,North,England,Halifax
United Kingdom,EU,North,England,Bebington
France,EU,Central,Ile-de-France,Saint-Cloud
Brazil,LATAM,South,Mato Grosso,Pontes e Lacerda
United Kingdom,EU,North,England,Solihull
Turkey,EMEA,EMEA,Hatay,Iskenderun
Turkey,EMEA,EMEA,Canakkale,Canakkale
United States,US,East,New York,Freeport
Turkey,EMEA,EMEA,Adana,Kozan
United States,US,West,Montana,Helena
Albania,EMEA,EMEA,Vlorë,Vlore
Italy,EU,South,Lombardy,Monza
United States,US,South,Florida,Palm Coast
Brazil,LATAM,South,Rio de Janeiro,São Pedro da Aldeia
Democratic Republic of the Congo,Africa,Africa,South Kivu,Uvira
Japan,APAC,North Asia,Tokyo,Edogawa-ku
Indonesia,APAC,Southeast Asia,Jawa Barat,Cirebon
Kazakhstan,EMEA,EMEA,Aqmola,Kokshetau
Belgium,EU,Central,Brussels,Brussels
China,APAC,North Asia,Jiangsu,Yancheng
Canada,Canada,Canada,British Columbia,Saanich
United States,US,West,California,Manteca
France,EU,Central,Ile-de-France,Neuilly-sur-Marne
Thailand,APAC,Southeast Asia,Nakhon Ratchasima,Nakhon Ratchasima
France,EU,Central,Lorraine,Saint-Avold
Turkey,EMEA,EMEA,Izmir,Gaziemir
United States,US,Central,Texas,Edinburg
Netherlands,EU,Central,Overijssel,Hengelo
Indonesia,APAC,Southeast Asia,Jawa Tengah,Pekalongan
Germany,EU,Central,Saxony-Anhalt,Naumburg
Italy,EU,South,Lazio,Civitavecchia
Germany,EU,Central,North Rhine-Westphalia,Dinslaken
Poland,EMEA,EMEA,Greater Poland,Pila
United States,US,West,California,Moreno Valley
Turkey,EMEA,EMEA,Antalya,Antalya
France,EU,Central,Lorraine,Epinal
France,EU,Central,Provence-Alpes-Côte d'Azur,Grasse
United Kingdom,EU,North,England,Ipswich
United Kingdom,EU,North,Scotland,East Kilbride
Poland,EMEA,EMEA,Silesia,Chorzow
France,EU,Central,Ile-de-France,Montfermeil
Germany,EU,Central,North Rhine-Westphalia,Gummersbach
Italy,EU,South,Sicily,Marsala
South Korea,APAC,North Asia,Gyeonggi,Suwon
Turkey,EMEA,EMEA,Izmir,Buca
Spain,EU,South,Catalonia,Sant Boi de Llobregat
Turkey,EMEA,EMEA,Van,Van
United States,US,East,New Jersey,Hackensack
Mexico,LATAM,North,Jalisco,Guzmán
Brazil,LATAM,South,Bahia,Cruz das Almas
Argentina,LATAM,South,Río Negro,Cipolletti
China,APAC,North Asia,Jilin,Siping
Colombia,LATAM,South,Arauca,Arauca
Indonesia,APAC,Southeast Asia,Jawa Barat,Sukabumi
Brazil,LATAM,South,São Paulo,Registro
Ukraine,EMEA,EMEA,Sevastopol',Sevastopol
Germany,EU,Central,North Rhine-Westphalia,Langenfeld
India,APAC,Central Asia,Uttar Pradesh,Mirzapur
United States,US,East,New York,Rome
Netherlands,EU,Central,Utrecht,Zeist
Italy,EU,South,Campania,Benevento
Finland,EU,North,Kymenlaakso,Kotka
Dominican Republic,LATAM,Caribbean,Peravia,Baní
Japan,APAC,North Asia,Osaka,Ibaraki
Morocco,Africa,Africa,Taza-Al Hoceima-Taounate,Taza
Brazil,LATAM,South,Ceará,Quixadá
Japan,APAC,North Asia,Osaka,Yao
Venezuela,LATAM,South,Nueva Esparta,Porlamar
Uzbekistan,EMEA,EMEA,Qashqadaryo,Qarshi
Ukraine,EMEA,EMEA,Ternopil',Ternopil'
France,EU,Central,Ile-de-France,Le Blanc-Mesnil
Indonesia,APAC,Southeast Asia,Jawa Barat,Tangerang
South Africa,Africa,Africa,Gauteng,Centurion
United States,US,South,Florida,Delray Beach
United States,US,South,Florida,Pembroke Pines
Colombia,LATAM,South,Nariño,Ipiales
United States,US,East,Connecticut,Bristol
Russia,EMEA,EMEA,Irkutsk,Bratsk
Pakistan,APAC,Central Asia,Punjab,Sialkot
France,EU,Central,Aquitaine,Pessac
China,APAC,North Asia,Shandong,Rizhao
Vietnam,APAC,Southeast Asia,Khánh Hòa,Nha Trang
Germany,EU,Central,Baden-Württemberg,Freiburg
Colombia,LATAM,South,Norte de Santander,Ocaña
France,EU,Central,Ile-de-France,Bezons
Bulgaria,EMEA,EMEA,Yambol,Yambol
China,APAC,North Asia,Heilongjiang,Shangzhi
Russia,EMEA,EMEA,Bashkortostan,Oktyabr'skiy
France,EU,Central,Picardy,Senlis
Argentina,LATAM,South,Provincia de Buenos Aires,Mar del Plata
Ethiopia,Africa,Africa,Dire Dawa,Dire Dawa
Italy,EU,South,Sicily,Agrigento
United Kingdom,EU,North,England,Sale
France,EU,Central,Nord-Pas-de-Calais,Cambrai
Nigeria,Africa,Africa,Abia,Aba
Brazil,LATAM,South,Minas Gerais,Poços de Caldas
France,EU,Central,Rhône-Alpes,Vaulx-en-Velin
Rwanda,Africa,Africa,Southern,Butare
Paraguay,LATAM,South,Asunción,Asunción
Argentina,LATAM,South,Mendoza,Mendoza
United Kingdom,EU,North,England,Southport
United States,US,West,Montana,Missoula
Brazil,LATAM,South,Minas Gerais,Itaúna
Iran,EMEA,EMEA,Razavi Khorasan,Sabzevar
Canada,Canada,Canada,Ontario,Markham
India,APAC,Central Asia,Maharashtra,Sangli
Germany,EU,Central,Bremen,Bremerhaven
United States,US,South,Florida,Miramar
Romania,EMEA,EMEA,Mehedinti,Drobeta-Turnu Severin
India,APAC,Central Asia,Gujarat,Jodhpur
Sierra Leone,Africa,Africa,Southern,Bo
Italy,EU,South,Sicily,Acireale
France,EU,Central,Picardy,Laon
United States,US,South,Virginia,Hampton
United States,US,West,California,Redding
Turkey,EMEA,EMEA,Tekirdag,Corlu
Romania,EMEA,EMEA,Maramures,Baia Mare
Venezuela,LATAM,South,Anzoátegui,San José de Guanipa
Japan,APAC,North Asia,Shizuoka,Nagaoka
India,APAC,Central Asia,West Bengal,Durgapur
France,EU,Central,Burgundy,Mâcon
China,APAC,North Asia,Heilongjiang,Zhaoyuan
United States,US,Central,Texas,Tyler
France,EU,Central,Brittany,Ploemeur
Mexico,LATAM,North,Baja California Sur,La Paz
Austria,EMEA,EMEA,Tyrol,Innsbruck
France,EU,Central,Pays de la Loire,Vertou
United States,US,East,Massachusetts,Holyoke
France,EU,Central,Languedoc-Roussillon,Mauguio
Japan,APAC,North Asia,Chiba,Funabashi
Turkey,EMEA,EMEA,Elazig,Elazig
Argentina,LATAM,South,Santa Fe,San Justo
Ecuador,LATAM,South,Pichincha,Santo Domingo de los Colorados
Germany,EU,Central,North Rhine-Westphalia,Gladbeck
United States,US,West,California,Woodland
China,APAC,North Asia,Xinjiang Uygur,Korla
France,EU,Central,Ile-de-France,Maisons-Alfort
Italy,EU,South,Apulia,Bisceglie
United States,US,West,Utah,Draper
Brazil,LATAM,South,Pernambuco,Jurema
India,APAC,Central Asia,Karnataka,Bijapur
Germany,EU,Central,North Rhine-Westphalia,Witten
Italy,EU,South,Tuscany,Marina di Carrara
Brazil,LATAM,South,São Paulo,Taboão da Serra
France,EU,Central,Ile-de-France,Meaux
Spain,EU,South,Madrid,Alcobendas
Germany,EU,Central,Lower Saxony,Cuxhaven
Benin,Africa,Africa,Atakora,Natitingou
United Kingdom,EU,North,England,Basingstoke
Poland,EMEA,EMEA,Silesia,Czestochowa
United States,US,South,Tennessee,Lebanon
Brazil,LATAM,South,Maranhão,Pinheiro
France,EU,Central,Midi-Pyrénées,Albi
China,APAC,North Asia,Guangxi,Wuzhou
Nigeria,Africa,Africa,Kwara,Ilorin
Brazil,LATAM,South,Maranhão,Barreirinhas
United States,US,East,New Jersey,East Orange
France,EU,Central,Ile-de-France,Goussainville
Kazakhstan,EMEA,EMEA,Qostanay,Qostanay
United States,US,East,New Jersey,Vineland
Italy,EU,South,Emilia-Romagna,Cesena
Iran,EMEA,EMEA,Esfahan,Shahreza
Morocco,Africa,Africa,Chaouia-Ouardigha,Settat
United States,US,West,California,Rancho Cucamonga
Italy,EU,South,Campania,Ercolano
France,EU,Central,Ile-de-France,Vitry-sur-Seine
France,EU,Central,Provence-Alpes-Côte d'Azur,Cavaillon
United Kingdom,EU,North,England,Chesterfield
France,EU,Central,Centre,Gien
Egypt,Africa,Africa,Bur Sa'id,Port Said
Sweden,EU,North,Stockholm,Solna
Ukraine,EMEA,EMEA,Dnipropetrovs'k,Nikopol'
United States,US,Central,Texas,San Angelo
Israel,EMEA,EMEA,Haifa,Hadera
Brazil,LATAM,South,São Paulo,Itapecerica da Serra
Mexico,LATAM,North,Jalisco,Ocotlán
Brazil,LATAM,South,Rondônia,Vilhena
Israel,EMEA,EMEA,Tel Aviv,Tel Aviv
United States,US,Central,Michigan,Taylor
Chile,LATAM,South,Antofagasta,Antofagasta
United Kingdom,EU,North,England,Shrewsbury
France,EU,Central,Upper Normandy,Evreux
Belgium,EU,Central,Hainaut,Mouscron
Colombia,LATAM,South,Santander,Bucaramanga
Poland,EMEA,EMEA,Lodz,Piotrkow Trybunalski
China,APAC,North Asia,Zhejiang,Jiaxing
China,APAC,North Asia,Hebei,Zhangjiakou
Uzbekistan,EMEA,EMEA,Andijan,Andijon
Germany,EU,Central,North Rhine-Westphalia,Arnsberg
France,EU,Central,Provence-Alpes-Côte d'Azur,Les Pennes-Mirabeau
Zimbabwe,Africa,Africa,Harare,Harare
United States,US,Central,Missouri,Saint Louis
Algeria,Africa,Africa,Tizi Ouzou,Boghni
United Kingdom,EU,North,England,Runcorn
Uruguay,LATAM,South,Canelones,Las Piedras
China,APAC,North Asia,Hunan,Changde
Cuba,LATAM,Caribbean,Las Tunas,Puerto Padre
France,EU,Central,Pays de la Loire,Carquefou
United States,US,Central,Iowa,Cedar Rapids
Morocco,Africa,Africa,Gharb-Chrarda-Béni Hssen,Kenitra
Italy,EU,South,Campania,Caserta
France,EU,Central,Picardy,Saint-Quentin
Turkey,EMEA,EMEA,Osmaniye,Osmaniye
Argentina,LATAM,South,Misiones,Posadas
Brazil,LATAM,South,Bahia,Brumado
China,APAC,North Asia,Hubei,Xianning
United States,US,South,Tennessee,Chattanooga
United States,US,South,Virginia,Salem
Iran,EMEA,EMEA,Khuzestan,Khorramshahr
Sweden,EU,North,Södermanland,Eskilstuna
India,APAC,Central Asia,Maharashtra,Jalna
Kazakhstan,EMEA,EMEA,Pavlodar,Pavlodar
Estonia,EMEA,EMEA,Tartumaa,Tartu
United States,US,West,California,Encinitas
Algeria,Africa,Africa,Sidi Bel Abbes,Sidi Bel Abbes
Uganda,Africa,Africa,Kampala,Kampala
Iran,EMEA,EMEA,Qazvin,Qazvin
Turkey,EMEA,EMEA,Igdir,Igdir
France,EU,Central,Upper Normandy,Louviers
Venezuela,LATAM,South,Portuguesa,Guanare
Egypt,Africa,Africa,Al Minya,Mallawi
United States,US,Central,Texas,Bedford
United Kingdom,EU,North,England,Kettering
Germany,EU,Central,North Rhine-Westphalia,Leverkusen
Bosnia and Herzegovina,EMEA,EMEA,Federation of Bosnia and Herzegovina,Zenica
Russia,EMEA,EMEA,Chelyabinsk,Miass
Poland,EMEA,EMEA,Silesia,Tychy
Morocco,Africa,Africa,Meknès-Tafilalet,Khenifra
Ukraine,EMEA,EMEA,L'viv,Drogobych
United States,US,West,California,Visalia
Hungary,EMEA,EMEA,Hajdu-Bihar,Balmazujvaros
Guatemala,LATAM,Central,Guatemala,Guatemala City
France,EU,Central,Centre,Fleury-les-Aubrais
Morocco,Africa,Africa,Grand Casablanca,Mohammedia
United States,US,South,Tennessee,Hendersonville
Venezuela,LATAM,South,Portuguesa,Acarigua
Venezuela,LATAM,South,Monagas,Maturín
Slovakia,EMEA,EMEA,Nitra,Nitra
Venezuela,LATAM,South,Lara,Barquisimeto
United States,US,Central,Texas,League City
El Salvador,LATAM,Central,Cuscatlán,San Martín
Netherlands,EU,Central,Gelderland,Barneveld
Turkey,EMEA,EMEA,Mersin,Tarsus
Brazil,LATAM,South,Minas Gerais,Pirapora
United States,US,Central,South Dakota,Rapid City
India,APAC,Central Asia,Karnataka,Bellary
United States,US,Central,Illinois,Frankfort
Russia,EMEA,EMEA,Belgorod,Gubkin
Germany,EU,Central,North Rhine-Westphalia,Velbert
Sri Lanka,APAC,Central Asia,Western,Colombo
India,APAC,Central Asia,Uttar Pradesh,Mau
Netherlands,EU,Central,Overijssel,Zwolle
Algeria,Africa,Africa,Djelfa,Messaad
Brazil,LATAM,South,Parana,Umuarama
United States,US,Central,Illinois,Park Ridge
United States,US,East,Connecticut,Norwich
Turkey,EMEA,EMEA,Kayseri,Kayseri
Turkey,EMEA,EMEA,Corum,Corum
Turkey,EMEA,EMEA,Manisa,Manisa
France,EU,Central,Ile-de-France,Domont
France,EU,Central,Ile-de-France,Neuilly-Plaisance
Brazil,LATAM,South,São Paulo,Lins
Turkey,EMEA,EMEA,Hatay,Antakya
Canada,Canada,Canada,Ontario,St. Catharines
France,EU,Central,Centre,Blois
Nigeria,Africa,Africa,Akwa Ibom,Ikot Ekpene
United States,US,Central,Kansas,Manhattan
Belgium,EU,Central,Hainaut,Tournai
France,EU,Central,Burgundy,Montceau-les-Mines
United States,US,Central,Texas,The Colony
Turkey,EMEA,EMEA,Nigde,Nigde
United States,US,South,Florida,Sanford
France,EU,Central,Rhône-Alpes,Bourgoin-Jallieu
China,APAC,North Asia,Zhejiang,Lanxi
United States,US,Central,Texas,Conroe
China,APAC,North Asia,Guangdong,Lianzhou
Turkey,EMEA,EMEA,Mersin,Mezitli
France,EU,Central,Ile-de-France,Sceaux
Norway,EU,North,Rogaland,Stavanger
Germany,EU,Central,Baden-Württemberg,Eggenstein-Leopoldshafen
Italy,EU,South,Marche,Ancona
Mexico,LATAM,North,Campeche,Campeche
France,EU,Central,Pays de la Loire,Saint-Herblain
Russia,EMEA,EMEA,Tambov,Uvarovo
Germany,EU,Central,North Rhine-Westphalia,Hilden
France,EU,Central,Pays de la Loire,Saint-Nazaire
Brazil,LATAM,South,Santa Catarina,Navegantes
Canada,Canada,Canada,Saskatchewan,Saskatoon
France,EU,Central,Ile-de-France,Cormeilles-en-Parisis
India,APAC,Central Asia,West Bengal,Bhatpara
Niger,Africa,Africa,Zinder,Zinder
United States,US,West,Washington,Covington
United States,US,Central,Kansas,Olathe
United Kingdom,EU,North,England,Barnsley
United States,US,West,California,La Mesa
Japan,APAC,North Asia,Osaka,Sakai
Colombia,LATAM,South,Atlántico,Malambo
Pakistan,APAC,Central Asia,Khyber Pakhtunkhwa,Mardan
Peru,LATAM,South,Loreto,Iquitos
South Africa,Africa,Africa,Gauteng,Randfontein
Sweden,EU,North,Stockholm,Huddinge
China,APAC,North Asia,Jiangsu,Chengjiang
United States,US,West,California,Lancaster
Angola,Africa,Africa,Bie,Kuito
Belarus,EMEA,EMEA,Brest,Pinsk
France,EU,Central,Midi-Pyrénées,Auch
Mexico,LATAM,North,Michoacán,Sahuayo de José María Morelos
France,EU,Central,Rhône-Alpes,Albertville
Italy,EU,South,Sicily,Vittoria
Morocco,Africa,Africa,Tanger-Tétouan,Tetouan
Germany,EU,Central,Hesse,Langen
Japan,APAC,North Asia,Aichi,Handa
France,EU,Central,Brittany,Lanester
United States,US,South,Florida,Daytona Beach
Morocco,Africa,Africa,Chaouia-Ouardigha,Khouribga
France,EU,Central,Provence-Alpes-Côte d'Azur,Gardanne
United States,US,Central,Illinois,Bloomington
Spain,EU,South,Madrid,Valdemoro
India,APAC,Central Asia,Karnataka,Gulbarga
United States,US,East,Maryland,Rockville
Japan,APAC,North Asia,Fukui,Fukui
Spain,EU,South,Castile and León,Salamanca
Argentina,LATAM,South,Santiago del Estero,Santiago del Estero
China,APAC,North Asia,Jiangsu,Qidong
Dominican Republic,LATAM,Caribbean,San Cristóbal,Bajos de Haina
France,EU,Central,Lorraine,Forbach
United States,US,Central,Illinois,Freeport
China,APAC,North Asia,Jiangxi,Yichun
Spain,EU,South,Andalusía,Cártama
France,EU,Central,Ile-de-France,Villiers-sur-Marne
Nigeria,Africa,Africa,Niger,Minna
Kazakhstan,EMEA,EMEA,Almaty City,Almaty
Mexico,LATAM,North,Veracruz,Coatzacoalcos
Brazil,LATAM,South,Minas Gerais,Contagem
United States,US,East,New York,Niagara Falls
Moldova,EMEA,EMEA,Balti,Balti
South Korea,APAC,North Asia,Ulsan,Ulsan
United States,US,Central,Kansas,Garden City
Japan,APAC,North Asia,Saitama,Kawaguchi
Brazil,LATAM,South,Minas Gerais,Boa Esperança
Colombia,LATAM,South,Quindío,Armenia
Venezuela,LATAM,South,Miranda,Petare
Brazil,LATAM,South,São Paulo,Bragança Paulista
Brazil,LATAM,South,São Paulo,Barretos
Italy,EU,South,Lazio,Guidonia Montecelio
France,EU,Central,Auvergne,Cournon-d'Auvergne
France,EU,Central,Nord-Pas-de-Calais,Boulogne-sur-Mer
Cameroon,Africa,Africa,Littoral,Nkongsamba
United States,US,Central,Illinois,Palatine
Brazil,LATAM,South,Ceará,Tianguá
United States,US,South,South Carolina,North Charleston
United States,US,Central,Illinois,Glenview
Madagascar,Africa,Africa,Diana,Antsiranana
Colombia,LATAM,South,Cesar,Valledupar
Brazil,LATAM,South,São Paulo,Pindamonhangaba
Mexico,LATAM,North,Tamaulipas,Tampico
United States,US,Central,Texas,Coppell
Italy,EU,South,Emilia-Romagna,Vignola
China,APAC,North Asia,Shanxi,Jincheng
United States,US,East,Maryland,Gaithersburg
Turkey,EMEA,EMEA,Kahramanmaras,Kahramanmaras
United States,US,Central,Texas,Texas City
India,APAC,Central Asia,West Bengal,Kamarhati
Democratic Republic of the Congo,Africa,Africa,Bandundu,Bandundu
France,EU,Central,Ile-de-France,Chevilly-Larue
United States,US,East,Ohio,Kent
United States,US,South,Florida,Port Saint Lucie
Venezuela,LATAM,South,Bolivar,Bolívar
Nigeria,Africa,Africa,Delta,Warri
Mexico,LATAM,North,Chihuahua,Delicias
France,EU,Central,Ile-de-France,Alfortville
Venezuela,LATAM,South,Yaracuy,Yaritagua
Ukraine,EMEA,EMEA,Poltava,Kremenchuk
France,EU,Central,Ile-de-France,Villeparisis
France,EU,Central,Lorraine,Verdun
France,EU,Central,Nord-Pas-de-Calais,Berck
France,EU,Central,Rhône-Alpes,Roanne
United States,US,South,Georgia,Warner Robins
Tanzania,Africa,Africa,Mtwara,Mtwara
Indonesia,APAC,Southeast Asia,Aceh,Banda Aceh
United States,US,Central,Michigan,Westland
China,APAC,North Asia,Heilongjiang,Jiamusi
France,EU,Central,Nord-Pas-de-Calais,Roubaix
France,EU,Central,Ile-de-France,Villeneuve-la-Garenne
Japan,APAC,North Asia,Tokyo,Katsushika-ku
United States,US,West,California,San Mateo
Italy,EU,South,Marche,Fano
Portugal,EU,South,Aveiro,Feira
Cuba,LATAM,Caribbean,Holguín,Moa
Germany,EU,Central,North Rhine-Westphalia,Viersen
Brazil,LATAM,South,São Paulo,Mococa
Poland,EMEA,EMEA,Silesia,Gliwice
Spain,EU,South,Andalusía,Estepona
United States,US,East,Delaware,Dover
Algeria,Africa,Africa,Mostaganem,Mostaganem
France,EU,Central,Provence-Alpes-Côte d'Azur,Sanary-sur-Mer
Australia,APAC,Oceania,Victoria,Warrnambool
Turkey,EMEA,EMEA,Mersin,Mersin
Bolivia,LATAM,South,Beni,Trinidad
France,EU,Central,Lower Normandy,Lisieux
China,APAC,North Asia,Anhui,Datong
Germany,EU,Central,Bavaria,Neu-Ulm
Spain,EU,South,Basque Country,Getxo
Mexico,LATAM,North,San Luis Potosí,Soledad Díez Gutiérrez
Italy,EU,South,Emilia-Romagna,Piacenza
France,EU,Central,Ile-de-France,Clichy
Japan,APAC,North Asia,Aichi,Toyohashi
United States,US,East,Connecticut,Milford
Kazakhstan,EMEA,EMEA,Astana,Astana
Ukraine,EMEA,EMEA,Donetsk,Mariupol'
Brazil,LATAM,South,Pernambuco,Garanhuns
Ukraine,EMEA,EMEA,Zaporizhzhya,Zaporizhzhya
India,APAC,Central Asia,Rajasthan,Ganganagar
Venezuela,LATAM,South,Aragua,Maracay
United States,US,South,South Carolina,Summerville
Egypt,Africa,Africa,Asyut,Asyut
Brazil,LATAM,South,Rio de Janeiro,Vassouras
Algeria,Africa,Africa,Medea,Medea
Chile,LATAM,South,Valparaíso,Viña del Mar
Canada,Canada,Canada,Nova Scotia,Halifax
Italy,EU,South,Apulia,Trani
Spain,EU,South,Castile-La Mancha,Toledo
United Kingdom,EU,North,England,Loughborough
Netherlands,EU,Central,North Brabant,Helmond
Germany,EU,Central,Mecklenburg-Vorpommern,Neubrandenburg
Turkey,EMEA,EMEA,Istanbul,Buyukcekmece
United Kingdom,EU,North,England,Darton
China,APAC,North Asia,Jiangxi,Pingxiang
Morocco,Africa,Africa,Rabat-Salé-Zemmour-Zaer,Khemisset
United States,US,Central,Texas,College Station
Brazil,LATAM,South,Pernambuco,Arcoverde
Kazakhstan,EMEA,EMEA,Qaraghandy,Dzhezkazgan
United States,US,South,Kentucky,Bowling Green
China,APAC,North Asia,Jilin,Yanji
United Kingdom,EU,North,Wales,Rhondda
Poland,EMEA,EMEA,Silesia,Sosnowiec
Brazil,LATAM,South,Bahia,Jequié
France,EU,Central,Ile-de-France,Rosny-sous-Bois
Peru,LATAM,South,Ancash,Chimbote
Colombia,LATAM,South,Valle del Cauca,Cartago
France,EU,Central,Champagne-Ardenne,Troyes
Spain,EU,South,Madrid,Fuenlabrada
Turkey,EMEA,EMEA,Konya,Konya
United States,US,South,North Carolina,Wilson
United Kingdom,EU,North,England,Clacton-on-Sea
Italy,EU,South,Lazio,Pomezia
South Africa,Africa,Africa,Gauteng,Springs
Germany,EU,Central,North Rhine-Westphalia,Bergheim
Canada,Canada,Canada,British Columbia,Abbotsford
Belgium,EU,Central,West Flanders,Bruges
Brazil,LATAM,South,São Paulo,Cruzeiro
United States,US,Central,Texas,Harlingen
Egypt,Africa,Africa,Ash Sharqiyah,Bilbeis
Venezuela,LATAM,South,Sucre,Cumaná
United States,US,West,Washington,Vancouver
India,APAC,Central Asia,Haryana,Panipat
Germany,EU,Central,Baden-Württemberg,Bad Waldsee
India,APAC,Central Asia,Tripura,Udaipur
Brazil,LATAM,South,Bahia,Eunápolis
Denmark,EU,North,Zealand,Kalundborg
Germany,EU,Central,North Rhine-Westphalia,Bergisch Gladbach
Brazil,LATAM,South,Rio Grande do Sul,Santa Cruz do Sul
United States,US,West,Utah,Murray
Spain,EU,South,Valenciana,Gandia
United States,US,Central,Michigan,Grand Rapids
Brazil,LATAM,South,Goiás,Águas Lindas de Goiás
Italy,EU,South,Piedmont,Moncalieri
Netherlands,EU,Central,Limburg,Roermond
Germany,EU,Central,Lower Saxony,Wolfsburg
Algeria,Africa,Africa,Skikda,Skikda
China,APAC,North Asia,Jilin,Yushu
Czech Republic,EMEA,EMEA,Moravian-Silesian,Ostrava
Chile,LATAM,South,Valparaíso,Valparaíso
Mexico,LATAM,North,Zacatecas,Zacatecas
Portugal,EU,South,Setúbal,Arrentela
United States,US,West,California,Citrus Heights
France,EU,Central,Ile-de-France,Montesson
United States,US,South,Arkansas,Hot Springs
United States,US,Central,Minnesota,Coon Rapids
Israel,EMEA,EMEA,Tel Aviv,Ramat Gan
China,APAC,North Asia,Shandong,Wendeng
France,EU,Central,Rhône-Alpes,Caluire-et-Cuire
Brazil,LATAM,South,Bahia,Camaçari
Poland,EMEA,EMEA,Podlaskie,Bialystok
Mexico,LATAM,North,Michoacán,Apatzingán de la Constitución
Brazil,LATAM,South,Minas Gerais,Vespasiano
United States,US,East,Massachusetts,Cambridge
Algeria,Africa,Africa,Djelfa,Ain Oussera
Brazil,LATAM,South,Rondônia,Ji-Paraná
Russia,EMEA,EMEA,Moscow,Kashira
Turkey,EMEA,EMEA,Adiyaman,Adiyaman
Romania,EMEA,EMEA,Giurgiu,Giurgiu
Brazil,LATAM,South,Rio de Janeiro,Barra do Piraí
Tajikistan,EMEA,EMEA,Khatlon,Kulob
United States,US,West,New Mexico,Las Cruces
Spain,EU,South,Galicia,Pontevedra
Denmark,EU,North,South Denmark,Esbjerg
Italy,EU,South,Tuscany,Arezzo
Spain,EU,South,Andalusía,Mijas
Mozambique,Africa,Africa,Manica,Chimoio
Turkey,EMEA,EMEA,Sanliurfa,Sanliurfa
Brazil,LATAM,South,Ceará,Camocim
Russia,EMEA,EMEA,Novgorod,Pestovo
France,EU,Central,Lower Normandy,Argentan
United States,US,Central,Missouri,Saint Charles
France,EU,Central,Lorraine,Sarreguemines
Germany,EU,Central,Baden-Württemberg,Waiblingen
France,EU,Central,Ile-de-France,Vigneux-sur-Seine
Algeria,Africa,Africa,Tlemcen,Tlemcen
Mexico,LATAM,North,Zacatecas,Fresnillo de González Echeverría
Iran,EMEA,EMEA,Kermanshah,Javanrud
France,EU,Central,Poitou-Charentes,Rochefort
Russia,EMEA,EMEA,Belgorod,Belgorod
Italy,EU,South,Apulia,Molfetta
South Africa,Africa,Africa,Gauteng,Westonaria
Spain,EU,South,Madrid,Majadahonda
France,EU,Central,Ile-de-France,Maisons-Laffitte
Brazil,LATAM,South,Piauí,Floriano
Netherlands,EU,Central,Zeeland,Terneuzen
France,EU,Central,Ile-de-France,Les Lilas
Bulgaria,EMEA,EMEA,Sliven,Sliven
Spain,EU,South,Valenciana,Sagunto
Nigeria,Africa,Africa,Delta,Sapele
Italy,EU,South,Campania,Avellino
Algeria,Africa,Africa,Tipaza,Baraki
Australia,APAC,Oceania,Victoria,Echuca
Turkmenistan,EMEA,EMEA,Lebap,Turkmenabat
Brazil,LATAM,South,Pará,Oriximiná
Brazil,LATAM,South,Rio Grande do Sul,Erechim
Netherlands,EU,Central,Friesland,Leeuwarden
China,APAC,North Asia,Zhejiang,Yiwu
Peru,LATAM,South,Ayacucho,Ayacucho
United States,US,Central,Texas,San Marcos
Argentina,LATAM,South,Corrientes,Corrientes
Senegal,Africa,Africa,Ziguinchor,Ziguinchor
United Kingdom,EU,North,Wales,Briton Ferry
United Kingdom,EU,North,Wales,Barry
Iran,EMEA,EMEA,Yazd,Yazd
Egypt,Africa,Africa,Qina,Qena
United Kingdom,EU,North,England,Hinckley
Brazil,LATAM,South,Espírito Santo,Guarapari
Sweden,EU,North,Skåne,Lund
France,EU,Central,Centre,Montargis
France,EU,Central,Ile-de-France,La Celle-Saint-Cloud
Egypt,Africa,Africa,Ash Sharqiyah,Abu Kabir
United States,US,West,Idaho,Caldwell
China,APAC,North Asia,Guangxi,Lianzhou
China,APAC,North Asia,Hubei,Xinzhou
Romania,EMEA,EMEA,Braila,Braila
China,APAC,North Asia,Hunan,Lianyuan
Brazil,LATAM,South,Maranhão,Itapecuru Mirim
Nigeria,Africa,Africa,Yobe,Damaturu
Turkey,EMEA,EMEA,Düzce,Duzce
Mali,Africa,Africa,Kayes,Kayes
Argentina,LATAM,South,Santa Fe,Santa Fe
United States,US,East,Ohio,Grove City
United States,US,Central,Michigan,Rochester Hills
Germany,EU,Central,Bavaria,Bamberg
Netherlands,EU,Central,South Holland,Alphen aan den Rijn
Colombia,LATAM,South,Boyacá,Sogamoso
Canada,Canada,Canada,Ontario,Oakville
Spain,EU,South,Madrid,El Escorial
United States,US,South,North Carolina,Cary
United States,US,Central,Texas,Haltom City
Argentina,LATAM,South,Santa Fe,Avellaneda
Italy,EU,South,Lombardy,Treviglio
France,EU,Central,Franche-Comté,Lons-le-Saunier
France,EU,Central,Rhône-Alpes,Oullins
Brazil,LATAM,South,São Paulo,Indaiatuba
United Kingdom,EU,North,England,Hemel Hempstead
Germany,EU,Central,Baden-Württemberg,Mannheim
Brazil,LATAM,South,Bahia,Juazeiro
France,EU,Central,Burgundy,Le Creusot
Canada,Canada,Canada,Quebec,Longueuil
Cameroon,Africa,Africa,Sud-Ouest,Limbe
Kazakhstan,EMEA,EMEA,Qaraghandy,Temirtau
Austria,EMEA,EMEA,Upper Austria,Linz
India,APAC,Central Asia,Karnataka,Mysore
China,APAC,North Asia,Inner Mongolia,Hohhot
United States,US,East,Rhode Island,Woonsocket
Turkey,EMEA,EMEA,Kars,Kars
Turkey,EMEA,EMEA,Eskisehir,Eskisehir
Japan,APAC,North Asia,Tochigi,Oyama
Italy,EU,South,Calabria,Cosenza
China,APAC,North Asia,Hubei,Xiangfan
Uzbekistan,EMEA,EMEA,Jizzakh,Jizzakh
Poland,EMEA,EMEA,Lubusz,Zielona Gora
United Kingdom,EU,North,England,Fareham
United States,US,South,Florida,Boynton Beach
Peru,LATAM,South,Puno,Juliaca
Poland,EMEA,EMEA,Silesia,Bielsko-Biala
Kazakhstan,EMEA,EMEA,Qaraghandy,Qaraghandy
Italy,EU,South,Basilicata,Potenza
Brazil,LATAM,South,Mato Grosso do Sul,Dourados
United States,US,Central,Texas,Allen
France,EU,Central,Ile-de-France,Montgeron
Canada,Canada,Canada,Ontario,Windsor
Germany,EU,Central,North Rhine-Westphalia,Ennigerloh
Belgium,EU,Central,East Flanders,Aalst
Bulgaria,EMEA,EMEA,Stara Zagora,Stara Zagora
Croatia,EMEA,EMEA,Primorsko-Goranska,Rijeka
United States,US,East,Ohio,Hamilton
Brazil,LATAM,South,São Paulo,Catanduva
Cameroon,Africa,Africa,Ouest,Bafoussam
Italy,EU,South,Lombardy,Cinisello Balsamo
Turkey,EMEA,EMEA,Tokat,Tokat
Germany,EU,Central,Thuringia,Sonneberg
Netherlands,EU,Central,South Holland,Dordrecht
Turkey,EMEA,EMEA,Ankara,Etimesgut
China,APAC,North Asia,Tianjin,Tanggu
United States,US,Central,Iowa,Marion
Portugal,EU,South,Braga,Guimarães
United States,US,Central,Texas,Odessa
France,EU,Central,Nord-Pas-de-Calais,Saint-Pol-sur-Mer
Venezuela,LATAM,South,Aragua,Turmero
Colombia,LATAM,South,Valle del Cauca,Palmira
Peru,LATAM,South,Moquegua,Ilo
Belgium,EU,Central,East Flanders,Hamme
China,APAC,North Asia,Zhejiang,Wenling
Uzbekistan,EMEA,EMEA,Khorezm,Urganch
Netherlands,EU,Central,Drenthe,Assen
Turkey,EMEA,EMEA,Sivas,Sivas
Germany,EU,Central,Bavaria,Passau
Nigeria,Africa,Africa,Ogun,Shagamu
Netherlands,EU,Central,Overijssel,Enschede
United Kingdom,EU,North,England,Southampton
France,EU,Central,Brittany,Lorient
Brazil,LATAM,South,Bahia,Ilhéus
Iraq,EMEA,EMEA,Dhi Qar,An Nasiriyah
Mexico,LATAM,North,Sonora,San Luis Río Colorado
Japan,APAC,North Asia,Okayama,Kurashiki
France,EU,Central,Upper Normandy,Elbeuf
United States,US,Central,Michigan,Lincoln Park
Netherlands,EU,Central,North Holland,Purmerend
Zambia,Africa,Africa,Central,Kabwe
Kazakhstan,EMEA,EMEA,Almaty,Sarkand
United States,US,Central,Indiana,Elkhart
Nigeria,Africa,Africa,Imo,Owerri
France,EU,Central,Ile-de-France,Les Pavillons-sous-Bois
Uganda,Africa,Africa,Gulu,Gulu
China,APAC,North Asia,Jiangsu,Taizhou
United Kingdom,EU,North,England,Nuneaton
Germany,EU,Central,North Rhine-Westphalia,Willich
France,EU,Central,Ile-de-France,Tremblay-en-France
United States,US,Central,Illinois,Quincy
Argentina,LATAM,South,Jujuy,San Salvador de Jujuy
Japan,APAC,North Asia,Ibaraki,Tsukuba
India,APAC,Central Asia,Chhattisgarh,Durg
Belarus,EMEA,EMEA,Hrodna,Lida
United Kingdom,EU,North,England,High Wycombe
Venezuela,LATAM,South,Aragua,Palo Negro
Indonesia,APAC,Southeast Asia,Kalimantan Selatan,Banjarmasin
United States,US,Central,Illinois,Orland Park
United States,US,West,Idaho,Meridian
United States,US,South,Georgia,Macon
Nigeria,Africa,Africa,Anambra,Onitsha
India,APAC,Central Asia,Haryana,Sonipat
China,APAC,North Asia,Liaoning,Beipiao
United States,US,East,Massachusetts,Marlborough
Brazil,LATAM,South,Alagoas,Arapiraca
Argentina,LATAM,South,La Pampa,Santa Rosa
Italy,EU,South,Lazio,Anzio
United States,US,Central,Michigan,Holland
Slovakia,EMEA,EMEA,Banská Bystrica,Banska Bystrica
United States,US,West,Colorado,Commerce City
Germany,EU,Central,North Rhine-Westphalia,Kerpen
Cameroon,Africa,Africa,Littoral,Edea
United Kingdom,EU,North,England,Taunton
Mexico,LATAM,North,Guanajuato,Acámbaro
Brazil,LATAM,South,Rondônia,Ariquemes
Brazil,LATAM,South,Rio Grande do Sul,Rio Grande
China,APAC,North Asia,Hunan,Loudi
United States,US,South,Tennessee,Bristol
Brazil,LATAM,South,Pernambuco,Palmares
Brazil,LATAM,South,São Paulo,Guarujá
France,EU,Central,Alsace,Lingolsheim
Canada,Canada,Canada,Quebec,Quebec
France,EU,Central,Rhône-Alpes,Montbrison
Brazil,LATAM,South,São Paulo,Guaratinguetá
Germany,EU,Central,Schleswig-Holstein,Flensburg
China,APAC,North Asia,Guangdong,Yangjiang
Burundi,Africa,Africa,Bujumbura-Mairie,Bujumbura
Netherlands,EU,Central,Limburg,Maastricht
United States,US,West,California,Laguna Niguel
Peru,LATAM,South,Puno,Puno
Somalia,Africa,Africa,Jubbada Hoose,Kismaayo
France,EU,Central,Burgundy,Beaune
Bulgaria,EMEA,EMEA,Pazardzhik,Pazardzhik
Japan,APAC,North Asia,Hokkaido,Asahikawa
United States,US,East,New Jersey,Linden
Tanzania,Africa,Africa,Tabora,Tabora
United States,US,Central,Illinois,Champaign
Mexico,LATAM,North,Guerrero,Zihuatanejo
Brazil,LATAM,South,Bahia,Jacobina
China,APAC,North Asia,Sichuan,Deyang
Argentina,LATAM,South,Neuquén,Neuquén
United Kingdom,EU,North,England,Chatham
Turkey,EMEA,EMEA,Bursa,Inegol
Mali,Africa,Africa,Mopti,Mopti
Madagascar,Africa,Africa,Haute-Matsiatra,Fianarantsoa
United States,US,Central,Wisconsin,Wausau
Japan,APAC,North Asia,Chiba,Ichikawa
Peru,LATAM,South,Cajamarca,Cajamarca
United States,US,West,California,Coachella
Belgium,EU,Central,West Flanders,Kortrijk
Iraq,EMEA,EMEA,Diyala,Baqubah
Italy,EU,South,Piedmont,Alessandria
Italy,EU,South,Sicily,Gela
Benin,Africa,Africa,Borgou,Parakou
Argentina,LATAM,South,La Rioja,La Rioja
Poland,EMEA,EMEA,Silesia,Jaworzno
Argentina,LATAM,South,Provincia de Buenos Aires,Bahía Blanca
France,EU,Central,Nord-Pas-de-Calais,Ronchin
South Africa,Africa,Africa,North-West,Rustenburg
France,EU,Central,Champagne-Ardenne,Chaumont
Russia,EMEA,EMEA,Yevrey,Birobidzhan
Brazil,LATAM,South,São Paulo,Caraguatatuba
Canada,Canada,Canada,Ontario,Peterborough
United States,US,West,Colorado,Littleton
Turkey,EMEA,EMEA,Samsun,Samsun
China,APAC,North Asia,Guangdong,Foshan
Russia,EMEA,EMEA,Irkutsk,Usol'ye-Sibirskoye
Romania,EMEA,EMEA,Arad,Arad
United States,US,West,Utah,West Jordan
Netherlands,EU,Central,Gelderland,Nijmegen
Brazil,LATAM,South,São Paulo,Tatuí
Iran,EMEA,EMEA,Khuzestan,Shushtar
United States,US,South,Louisiana,Kenner
United Kingdom,EU,North,England,Maidstone
Colombia,LATAM,South,Meta,Villavicencio
China,APAC,North Asia,Beijing,Tongzhou
United States,US,Central,Illinois,Bolingbrook
Italy,EU,South,Veneto,Chioggia
Brazil,LATAM,South,São Paulo,Praia Grande
United States,US,South,Florida,Pompano Beach
United States,US,Central,Michigan,Saginaw
Egypt,Africa,Africa,Kafr Ash Shaykh,Disuq
France,EU,Central,Ile-de-France,Limay
Turkey,EMEA,EMEA,Istanbul,Maltepe
China,APAC,North Asia,Shanxi,Changzhi
New Zealand,APAC,Oceania,Waikato,Cambridge
Mexico,LATAM,North,Tamaulipas,Valle Hermoso
China,APAC,North Asia,Hubei,Zaoyang
Brazil,LATAM,South,São Paulo,Itapetininga
Italy,EU,South,Tuscany,Pisa
China,APAC,North Asia,Jiangxi,Jingdezhen
France,EU,Central,Nord-Pas-de-Calais,Mons-en-Baroeul
Canada,Canada,Canada,Quebec,Saint-Laurent
France,EU,Central,Provence-Alpes-Côte d'Azur,Carpentras
China,APAC,North Asia,Inner Mongolia,Chifeng
India,APAC,Central Asia,Uttar Pradesh,Hapur
Tanzania,Africa,Africa,Morogoro,Morogoro
Mexico,LATAM,North,Puebla,Teziutlán
Netherlands,EU,Central,North Holland,Den Helder
India,APAC,Central Asia,Karnataka,Shimoga
France,EU,Central,Rhône-Alpes,Annemasse
Italy,EU,South,Sardinia,Sassari
United States,US,Central,Texas,Corpus Christi
Argentina,LATAM,South,Provincia de Buenos Aires,San Nicolás de los Arroyos
Belgium,EU,Central,Liège,Seraing
Netherlands,EU,Central,North Holland,Hilversum
China,APAC,North Asia,Fujian,Zhangzhou
United States,US,South,Florida,Melbourne
Turkey,EMEA,EMEA,Erzurum,Erzurum
Chile,LATAM,South,Tarapacá,Iquique
Venezuela,LATAM,South,Anzoátegui,Barcelona
Brazil,LATAM,South,São Paulo,Votuporanga
Czech Republic,EMEA,EMEA,Olomouc,Olomouc
Nigeria,Africa,Africa,Zamfara,Gusau
Saudi Arabia,EMEA,EMEA,Al Madinah,Yanbu al Bahr
United States,US,West,New Mexico,Clovis
Portugal,EU,South,Lisboa,Loures
Sweden,EU,North,Stockholm,Upplands Väsby
France,EU,Central,Franche-Comté,Vesoul
South Africa,Africa,Africa,Free State,Bloemfontein
Brazil,LATAM,South,Mato Grosso,Várzea Grande
Mexico,LATAM,North,México,Huixquilucan
Zambia,Africa,Africa,Copperbelt,Luanshya
Togo,Africa,Africa,Centrale,Sokode
China,APAC,North Asia,Hunan,Liuyang
India,APAC,Central Asia,West Bengal,Barddhaman
Argentina,LATAM,South,Salta,Salta
Ireland,EU,North,South Dublin,Tallaght
Italy,EU,South,Sardinia,Quartu Sant'Elena
United States,US,East,Massachusetts,New Bedford
Turkey,EMEA,EMEA,Manisa,Soma
Italy,EU,South,Emilia-Romagna,Imola
France,EU,Central,Centre,Olivet
France,EU,Central,Ile-de-France,Bobigny
Philippines,APAC,Southeast Asia,Calabarzon,San Pedro
Iran,EMEA,EMEA,Ilam,Ilam
Canada,Canada,Canada,Alberta,Red Deer
France,EU,Central,Aquitaine,Biarritz
United States,US,West,California,Modesto
Iran,EMEA,EMEA,Razavi Khorasan,Torbat-e Heydariyeh
Ukraine,EMEA,EMEA,Luhans'k,Stakhanov
Belarus,EMEA,EMEA,Vitsyebsk,Polatsk
France,EU,Central,Picardy,Abbeville
China,APAC,North Asia,Ningxia,Shizuishan
Macedonia,EMEA,EMEA,Kumanovo,Kumanovo
Turkey,EMEA,EMEA,Mardin,Kiziltepe
Libya,Africa,Africa,Al Marqab,Al Khums
Sweden,EU,North,Skåne,Helsingborg
Canada,Canada,Canada,Newfoundland,St. John's
Venezuela,LATAM,South,Aragua,El Limón
Lithuania,EMEA,EMEA,iauliai,Siauliai
Brazil,LATAM,South,Ceará,Sobral
South Korea,APAC,North Asia,Gyeonggi,Kwangju
Romania,EMEA,EMEA,Dolj,Craiova
Germany,EU,Central,Baden-Württemberg,Baden-Baden
United States,US,Central,Texas,Cedar Hill
United States,US,East,New Jersey,Orange
United Kingdom,EU,North,England,Bury
India,APAC,Central Asia,West Bengal,Barasat
Turkey,EMEA,EMEA,Antalya,Alanya
United States,US,Central,Minnesota,Saint Paul
Italy,EU,South,Apulia,Bitonto
Germany,EU,Central,Hesse,Fulda
Mexico,LATAM,North,México,Melchor Ocampo
Italy,EU,South,Liguria,Savona
Austria,EMEA,EMEA,Styria,Graz
Germany,EU,Central,North Rhine-Westphalia,Borken
Italy,EU,South,Lazio,Fiumicino
Brazil,LATAM,South,São Paulo,Itu
Turkey,EMEA,EMEA,Ordu,Ordu
Turkmenistan,EMEA,EMEA,Mary,Mary
Austria,EMEA,EMEA,Salzburg,Salzburg
Norway,EU,North,Hedmark,Hamar
United States,US,West,California,La Quinta
Mexico,LATAM,North,Nuevo León,Linares
India,APAC,Central Asia,Uttar Pradesh,Ghaziabad
China,APAC,North Asia,Henan,Shangqiu
United States,US,South,North Carolina,Hickory
United States,US,West,Oregon,Hillsboro
Poland,EMEA,EMEA,Greater Poland,Kalisz
United States,US,South,Mississippi,Gulfport
Ukraine,EMEA,EMEA,Ivano-Frankivsk,Ivano-Frankivs'k
United States,US,East,Maryland,Laurel
Brazil,LATAM,South,Mato Grosso do Sul,Cassilândia
Germany,EU,Central,Bavaria,Schweinfurt
South Africa,Africa,Africa,Gauteng,Benoni
Benin,Africa,Africa,Alibori,Kandi
Turkey,EMEA,EMEA,Isparta,Isparta
Cameroon,Africa,Africa,Littoral,Loum
Tanzania,Africa,Africa,Pwani,Bagamoyo
United States,US,South,North Carolina,Goldsboro
United States,US,South,Florida,Homestead
Peru,LATAM,South,La Libertad,Trujillo
Venezuela,LATAM,South,Zulia,Cabimas
Ghana,Africa,Africa,Eastern,Koforidua
United States,US,Central,Indiana,New Albany
United States,US,Central,Indiana,Bloomington
Nigeria,Africa,Africa,Adamawa,Mubi
Italy,EU,South,Emilia-Romagna,Rimini
Brazil,LATAM,South,Amazonas,Manacapuru
Kazakhstan,EMEA,EMEA,Pavlodar,Ekibastuz
United States,US,West,California,Santa Clara
Portugal,EU,South,Porto,Vila Nova de Gaia
China,APAC,North Asia,Henan,Anyang
United Kingdom,EU,North,England,Harlow
France,EU,Central,Provence-Alpes-Côte d'Azur,La Ciotat
Brazil,LATAM,South,Amazonas,Coari
Germany,EU,Central,North Rhine-Westphalia,Hattingen
Slovakia,EMEA,EMEA,ilina,Zilina
Turkey,EMEA,EMEA,Kocaeli,Kocaeli
India,APAC,Central Asia,Telangana,Kukatpalli
China,APAC,North Asia,Hunan,Huaihua
Brazil,LATAM,South,Parana,Arapongas
Iran,EMEA,EMEA,Mazandaran,Babol
France,EU,Central,Nord-Pas-de-Calais,Faches-Thumesnil
France,EU,Central,Centre,Saint-Pierre-des-Corps
Chile,LATAM,South,Santiago,Lo Prado
Bangladesh,APAC,Central Asia,Chittagong,Coxs B?z?r
Nigeria,Africa,Africa,Ondo,Owo
France,EU,Central,Ile-de-France,Pierrefitte-sur-Seine
United States,US,South,Alabama,Tuscaloosa
Brazil,LATAM,South,Pará,Santarém
Nigeria,Africa,Africa,Osun,Ilesha
China,APAC,North Asia,Hunan,Yuanjiang
United States,US,South,Georgia,East Point
Brazil,LATAM,South,Rio Grande do Sul,Bento Gonçalves
United States,US,Central,Minnesota,Cottage Grove
United States,US,Central,Minnesota,Apple Valley
Japan,APAC,North Asia,Hokkaido,Atsugacho
France,EU,Central,Ile-de-France,Longjumeau
United States,US,Central,Minnesota,Eagan
Brazil,LATAM,South,Pará,Itaituba
Romania,EMEA,EMEA,Arges,Pitesti
Cameroon,Africa,Africa,Sud-Ouest,Kumba
China,APAC,North Asia,Sichuan,Tongchuan
United States,US,East,Massachusetts,Leominster
Mexico,LATAM,North,San Luis Potosí,Matehuala
United Arab Emirates,EMEA,EMEA,'Ajman,Ajman
Turkey,EMEA,EMEA,Istanbul,Umraniye
Japan,APAC,North Asia,Aomori,Hachinohe
United Kingdom,EU,North,England,Gillingham
Canada,Canada,Canada,Ontario,Waterloo
Mexico,LATAM,North,Sinaloa,Guamúchil
Algeria,Africa,Africa,Bechar,Bechar
Brazil,LATAM,South,Santa Catarina,Palhoça
Brazil,LATAM,South,Acre,Cruzeiro do Sul
United States,US,South,Tennessee,Murfreesboro
Russia,EMEA,EMEA,Novosibirsk,Toguchin
South Africa,Africa,Africa,Gauteng,Tembisa
France,EU,Central,Nord-Pas-de-Calais,Denain
United States,US,West,California,Lodi
United States,US,West,Colorado,Englewood
China,APAC,North Asia,Hebei,Baoding
United States,US,West,California,Thousand Oaks
Ukraine,EMEA,EMEA,Zhytomyr,Berdychiv
Germany,EU,Central,Saarland,Schiffweiler
China,APAC,North Asia,Shandong,Penglai
Spain,EU,South,Valenciana,Elda
United Kingdom,EU,North,England,Bideford
United States,US,East,New Jersey,Bayonne
China,APAC,North Asia,Anhui,Chaohu
United States,US,Central,Missouri,Jefferson City
Japan,APAC,North Asia,Hyogo,Amagasaki
Turkey,EMEA,EMEA,Izmir,Menemen
Romania,EMEA,EMEA,Vrancea,Focsani
Turkey,EMEA,EMEA,Tekirdag,Tekirdag
Zimbabwe,Africa,Africa,Mashonaland West,Kadoma
United States,US,East,Ohio,Mason
Peru,LATAM,South,Piura,Piura
United Kingdom,EU,North,Scotland,Paisley
Argentina,LATAM,South,Provincia de Buenos Aires,Junín
United Kingdom,EU,North,England,Gosport
South Africa,Africa,Africa,Kwazulu-natal,Ulundi
Eritrea,Africa,Africa,Anseba,Keren
France,EU,Central,Ile-de-France,Le Pré-Saint-Gervais
Israel,EMEA,EMEA,Southern,Be'er Sheva
Netherlands,EU,Central,North Holland,Alkmaar
Equatorial Guinea,Africa,Africa,Litoral,Bata
United States,US,Central,Iowa,Urbandale
Pakistan,APAC,Central Asia,Punjab,Gujrat
South Africa,Africa,Africa,Kwazulu-natal,Stanger
Canada,Canada,Canada,Ontario,Pickering
Turkey,EMEA,EMEA,Aksaray,Aksaray
Turkey,EMEA,EMEA,Amasya,Amasya
China,APAC,North Asia,Jiangsu,Taixing
France,EU,Central,Ile-de-France,Moissy-Cramayel
Nigeria,Africa,Africa,Abuja Capital Territory,Abuja
Netherlands,EU,Central,South Holland,Vlaardingen
United States,US,South,North Carolina,Thomasville
South Africa,Africa,Africa,Mpumalanga,eMbalenhle
Ukraine,EMEA,EMEA,Luhans'k,Lisichansk
Turkey,EMEA,EMEA,Sirnak,Silopi
Turkey,EMEA,EMEA,Siirt,Siirt
Mozambique,Africa,Africa,Tete,Tete
Colombia,LATAM,South,Cundinamarca,Mosquera
Italy,EU,South,Emilia-Romagna,Faenza
Benin,Africa,Africa,Atlantique,Ouidah
South Africa,Africa,Africa,Kwazulu-natal,Mpumalanga
Brazil,LATAM,South,Pernambuco,Vitória de Santo Antão
Peru,LATAM,South,Lima,Barranca
United States,US,East,Massachusetts,Malden
Angola,Africa,Africa,Namibe,Namibe
United States,US,West,Washington,Marysville
Canada,Canada,Canada,Nova Scotia,Dartmouth
United Kingdom,EU,North,England,Bracknell
Netherlands,EU,Central,North Brabant,Roosendaal
Armenia,EMEA,EMEA,Lori,Vanadzor
Italy,EU,South,Umbria,Foligno
France,EU,Central,Languedoc-Roussillon,Agde
France,EU,Central,Provence-Alpes-Côte d'Azur,Vence
Denmark,EU,North,Hovedstaden,Frederiksberg
United States,US,East,Massachusetts,Andover
Morocco,Africa,Africa,Gharb-Chrarda-Béni Hssen,Sidi Qacem
China,APAC,North Asia,Hunan,Yiyang
Egypt,Africa,Africa,Al Buhayrah,Kafr ad Dawwar
Canada,Canada,Canada,British Columbia,Coquitlam
Brazil,LATAM,South,Parana,Apucarana
Germany,EU,Central,Brandenburg,Forst
Sierra Leone,Africa,Africa,Northern,Makeni
Peru,LATAM,South,Lambayeque,Chiclayo
United States,US,Central,Indiana,New Castle
United States,US,South,Florida,Coral Gables
United Kingdom,EU,North,Scotland,Cumbernauld
United States,US,Central,Texas,Mesquite
Bosnia and Herzegovina,EMEA,EMEA,Federation of Bosnia and Herzegovina,Tuzla
China,APAC,North Asia,Fujian,Quanzhou
Croatia,EMEA,EMEA,Splitsko-Dalmatinska,Split
Colombia,LATAM,South,Antioquia,Apartadó
Russia,EMEA,EMEA,Kabardino-Balkariya,Nal'chik
Italy,EU,South,Lombardy,Busto Arsizio
Brazil,LATAM,South,Minas Gerais,Ipatinga
Spain,EU,South,Catalonia,Manresa
Nigeria,Africa,Africa,Cross River,Ugep
Cameroon,Africa,Africa,Extreme-Nord,Maroua
United States,US,West,California,Redwood City
Brazil,LATAM,South,São Paulo,Carapicuíba
Italy,EU,South,Tuscany,Siena
Argentina,LATAM,South,Entre Ríos,Concepción del Uruguay
Egypt,Africa,Africa,Al Minya,Samalut
South Africa,Africa,Africa,Free State,Botshabelo
Venezuela,LATAM,South,Zulia,San Carlos del Zulia
Colombia,LATAM,South,Cundinamarca,Facatativá
United States,US,Central,Michigan,Sterling Heights
Ukraine,EMEA,EMEA,Cherkasy,Uman'
Nigeria,Africa,Africa,Katsina,Funtua
United States,US,West,California,San Clemente
France,EU,Central,Rhône-Alpes,Cluses
Italy,EU,South,Campania,Afragola
Mexico,LATAM,North,Chiapas,Tapachula
Tanzania,Africa,Africa,Pwani,Chalinze
Brazil,LATAM,South,Ceará,Aracati
China,APAC,North Asia,Shandong,Weihai
United States,US,South,Arkansas,Rogers
Italy,EU,South,Campania,Cercola
United Kingdom,EU,North,England,Stafford
Brazil,LATAM,South,Ceará,São Benedito
Brazil,LATAM,South,São Paulo,Itapeva
Czech Republic,EMEA,EMEA,Liberec,Liberec
United States,US,East,New York,Lindenhurst
Mexico,LATAM,North,Guanajuato,Silao
United States,US,Central,Texas,La Porte
France,EU,Central,Brittany,Douarnenez
Italy,EU,South,Emilia-Romagna,Modena
United States,US,West,California,Montebello
Brazil,LATAM,South,São Paulo,São Vicente
Iran,EMEA,EMEA,Mazandaran,Chalus
Poland,EMEA,EMEA,Masovia,Plock
Czech Republic,EMEA,EMEA,Usti nad Labem,Usti nad Labem
Romania,EMEA,EMEA,Hunedoara,Deva
France,EU,Central,Ile-de-France,Mantes-la-Ville
Spain,EU,South,Melilla,Melilla
France,EU,Central,Ile-de-France,Suresnes
France,EU,Central,Limousin,Tulle
United States,US,South,Florida,West Palm Beach
United States,US,South,South Carolina,Rock Hill
Venezuela,LATAM,South,Cojedes,Tinaquillo
Uganda,Africa,Africa,Jinja,Jinja
South Korea,APAC,North Asia,Gangwon,Chuncheon
Zambia,Africa,Africa,Northern,Kasama
United States,US,South,Virginia,Charlottesville
Nigeria,Africa,Africa,Gombe,Gombe
Lithuania,EMEA,EMEA,Klaipeda,Klaipeda
United States,US,East,Connecticut,Shelton
China,APAC,North Asia,Jilin,Jiaohe
United States,US,Central,South Dakota,Aberdeen
India,APAC,Central Asia,Haryana,Rohtak
United States,US,Central,Texas,Grapevine
Morocco,Africa,Africa,Doukkala-Abda,El Jadida
Turkey,EMEA,EMEA,Samsun,Bafra
Turkey,EMEA,EMEA,Manisa,Salihli
Brazil,LATAM,South,São Paulo,Campo Limpo Paulista
India,APAC,Central Asia,Uttar Pradesh,Etawah
Brazil,LATAM,South,Goiás,Cidade Ocidental
United States,US,East,Maryland,Hagerstown
Netherlands,EU,Central,Limburg,Venlo
United States,US,West,Arizona,Sierra Vista
France,EU,Central,Auvergne,Riom
Austria,EMEA,EMEA,Styria,Leoben
United States,US,West,California,Yucaipa
South Africa,Africa,Africa,Gauteng,Vereeniging
Venezuela,LATAM,South,Mérida,Mérida
Brazil,LATAM,South,Parana,Pato Branco
United Kingdom,EU,North,England,Dronfield
United States,US,South,Florida,Boca Raton
France,EU,Central,Ile-de-France,Viroflay
China,APAC,North Asia,Zhejiang,Yuyao
Brazil,LATAM,South,São Paulo,Mogi das Cruzes
Bolivia,LATAM,South,Beni,Riberalta
China,APAC,North Asia,Liaoning,Benxi
Denmark,EU,North,South Denmark,Sonderborg
United States,US,West,Utah,Logan
Brazil,LATAM,South,Parana,Londrina
France,EU,Central,Aquitaine,Blanquefort
United Kingdom,EU,North,England,Ferndown
Brazil,LATAM,South,Parana,Araucária
Italy,EU,South,Lombardy,Vigevano
India,APAC,Central Asia,Tamil Nadu,Ambattur
Iran,EMEA,EMEA,Sistan Va Baluchestan,Iranshahr
France,EU,Central,Nord-Pas-de-Calais,Lomme
United States,US,South,Kentucky,Owensboro
Morocco,Africa,Africa,Chaouia-Ouardigha,Berrechid
Russia,EMEA,EMEA,Bashkortostan,Blagoveshchensk
Spain,EU,South,Castile and León,Segovia
United States,US,Central,Iowa,Burlington
France,EU,Central,Aquitaine,Dax
Nigeria,Africa,Africa,Sokoto,Sokoto
Turkey,EMEA,EMEA,Ardahan,Ardahan
Italy,EU,South,Piedmont,Cuneo
United States,US,West,Washington,Longview
Cuba,LATAM,Caribbean,Ciego de Ávila,Morón
France,EU,Central,Ile-de-France,Saint-Gratien
Iran,EMEA,EMEA,Lorestan,Aligudarz
Mozambique,Africa,Africa,Cabo Delgado,Pemba
Colombia,LATAM,South,Huila,Pitalito
Morocco,Africa,Africa,Guelmim-Es Semara,Guelmim
Canada,Canada,Canada,Quebec,Gatineau
South Korea,APAC,North Asia,South Chungcheong,Cheonan
Syria,EMEA,EMEA,Ar Raqqah,Ar Raqqah
Brazil,LATAM,South,Paraíba,Campina Grande
Germany,EU,Central,Saxony,Zwickau
Turkey,EMEA,EMEA,Yalova,Yalova
Bulgaria,EMEA,EMEA,Pleven,Pleven
Turkey,EMEA,EMEA,Manisa,Akhisar
Romania,EMEA,EMEA,Suceava,Suceava
Nigeria,Africa,Africa,Ogun,Abeokuta
United Kingdom,EU,North,England,Chapel Allerton
Madagascar,Africa,Africa,Atsimo-Andrefana,Toliara
South Africa,Africa,Africa,Mpumalanga,Volksrust
Netherlands,EU,Central,Utrecht,Veenendaal
Brazil,LATAM,South,Pernambuco,Camaragibe
China,APAC,North Asia,Shanxi,Yuncheng
United States,US,West,New Mexico,Santa Fe
Chile,LATAM,South,Valparaíso,San Antonio
Italy,EU,South,Calabria,Crotone
France,EU,Central,Ile-de-France,Montigny-le-Bretonneux
Colombia,LATAM,South,Atlántico,Sabanalarga
Brazil,LATAM,South,Minas Gerais,Uberlândia
France,EU,Central,Ile-de-France,Chilly-Mazarin
Angola,Africa,Africa,Malanje,Malanje
China,APAC,North Asia,Hebei,Langfang
Venezuela,LATAM,South,Miranda,Cúa
Japan,APAC,North Asia,Aichi,Anjo
Russia,EMEA,EMEA,Dagestan,Khasavyurt
Brazil,LATAM,South,Bahia,Simões Filho
France,EU,Central,Languedoc-Roussillon,Lattes
Dominican Republic,LATAM,Caribbean,Monseñor Nouel,Bonao
United States,US,Central,Texas,Garland
United States,US,Central,Texas,Frisco
United States,US,West,California,Antioch
Zimbabwe,Africa,Africa,Harare,Epworth
Tanzania,Africa,Africa,Mbeya,Igurusi
France,EU,Central,Provence-Alpes-Côte d'Azur,La Crau
Brazil,LATAM,South,Amazonas,Parintins
Madagascar,Africa,Africa,Atsinanana,Toamasina
Belgium,EU,Central,Limburg,Peer
China,APAC,North Asia,Jilin,Liaoyuan
United Kingdom,EU,North,England,Darlington
Bangladesh,APAC,Central Asia,Dhaka,Narsingdi
Nigeria,Africa,Africa,Katsina,Katsina
Paraguay,LATAM,South,Central,Lambaré
United States,US,Central,Wisconsin,West Allis
United States,US,West,California,Escondido
France,EU,Central,Provence-Alpes-Côte d'Azur,Digne-les-Bains
India,APAC,Central Asia,Rajasthan,Bharatpur
Brazil,LATAM,South,Minas Gerais,Novo Cruzeiro
Mongolia,APAC,North Asia,Ulaanbaatar,Ulan Bator
Brazil,LATAM,South,São Paulo,Araraquara
South Africa,Africa,Africa,Gauteng,Boksburg
Brazil,LATAM,South,Pernambuco,Igarassu
Chile,LATAM,South,Biobio,Los Ángeles
France,EU,Central,Centre,Saint-Jean-de-la-Ruelle
Togo,Africa,Africa,Kara,Kara
France,EU,Central,Nord-Pas-de-Calais,Loos
United States,US,Central,Illinois,Danville
United States,US,Central,Wisconsin,Waukesha
Uruguay,LATAM,South,Rivera,Rivera
United States,US,South,Tennessee,Bartlett
Iran,EMEA,EMEA,South Khorasan,Birjand
Germany,EU,Central,North Rhine-Westphalia,Detmold
China,APAC,North Asia,Shandong,Binzhou
United States,US,East,New Hampshire,Nashua
Liberia,Africa,Africa,Grand Gedeh,Zwedru
Egypt,Africa,Africa,Suhaj,Akhmim
Spain,EU,South,Castile-La Mancha,Cuenca
Turkey,EMEA,EMEA,Sanliurfa,Viransehir
Venezuela,LATAM,South,Miranda,Guarenas
Venezuela,LATAM,South,Anzoátegui,El Tigre
Iran,EMEA,EMEA,Tehran,Varamin
Morocco,Africa,Africa,Tanger-Tétouan,Larache
Argentina,LATAM,South,Catamarca,San Fernando del Valle de Catamarca
Poland,EMEA,EMEA,Opole,Nysa
Italy,EU,South,Campania,Battipaglia
Italy,EU,South,Apulia,Andria
Italy,EU,South,Campania,Castellammare di Stabia
Turkey,EMEA,EMEA,Ankara,Cubuk
Switzerland,EU,Central,St. Gallen,St. Gallen
Brazil,LATAM,South,São Paulo,Cubatão
Germany,EU,Central,Bavaria,Günzburg
Brazil,LATAM,South,Minas Gerais,Pouso Alegre
France,EU,Central,Aquitaine,Bergerac
Brazil,LATAM,South,Tocantins,Gurupi
France,EU,Central,Pays de la Loire,Fontenay-le-Comte
Venezuela,LATAM,South,Aragua,Cagua
United States,US,West,Montana,Bozeman
Peru,LATAM,South,Piura,Paita
Peru,LATAM,South,Piura,Talara
China,APAC,North Asia,Shanxi,Yangquan
China,APAC,North Asia,Hubei,Suizhou
United Kingdom,EU,North,England,Kidderminster
United States,US,Central,Michigan,Mount Pleasant
Ghana,Africa,Africa,Central,Cape Coast
Brazil,LATAM,South,Goiás,Catalão
Japan,APAC,North Asia,Nagano,Ueda
United States,US,Central,Indiana,Portage
Turkey,EMEA,EMEA,Afyonkarahisar,Afyon
Turkey,EMEA,EMEA,Karaman,Karaman
Japan,APAC,North Asia,Kanagawa,Chigasaki
United States,US,East,New Jersey,Bridgeton
Yemen,EMEA,EMEA,Al Hudaydah,Al Hudaydah
Ukraine,EMEA,EMEA,Luhans'k,Krasnyy Luch
Ukraine,EMEA,EMEA,Ivano-Frankivsk,Kalush
France,EU,Central,Pays de la Loire,La Chapelle-sur-Erdre
Japan,APAC,North Asia,Hyogo,Kita-ku
United States,US,West,Oregon,Medford
Niger,Africa,Africa,Diffa,Nguigmi
Nigeria,Africa,Africa,Ondo,Akure
India,APAC,Central Asia,Maharashtra,Latur
United States,US,Central,Illinois,Tinley Park
United States,US,East,Pennsylvania,Altoona
France,EU,Central,Franche-Comté,Dole
France,EU,Central,Ile-de-France,Lagny-sur-Marne
Italy,EU,South,Marche,Falconara Marittima
Turkey,EMEA,EMEA,Kastamonu,Kastamonu
Turkey,EMEA,EMEA,Kilis,Kilis
Iran,EMEA,EMEA,Razavi Khorasan,Neyshabur
India,APAC,Central Asia,Haryana,Karnal
Romania,EMEA,EMEA,Caras-Severin,Resita
France,EU,Central,Alsace,Illkirch-Graffenstaden
Brazil,LATAM,South,Espírito Santo,Linhares
Spain,EU,South,Galicia,Ponteareas
China,APAC,North Asia,Henan,Hebi
Poland,EMEA,EMEA,Lubusz,Gorzow Wielkopolski
United States,US,Central,Wisconsin,Sheboygan
Netherlands,EU,Central,South Holland,Leiden
Turkey,EMEA,EMEA,Usak,Usak
Venezuela,LATAM,South,Guárico,Calabozo
Brazil,LATAM,South,São Paulo,Jaboticabal
Peru,LATAM,South,Ancash,Huaraz
India,APAC,Central Asia,Andhra Pradesh,Kakinada
United States,US,West,Washington,Bellevue
Kazakhstan,EMEA,EMEA,Almaty,Taldyqorghan
Canada,Canada,Canada,Ontario,Brantford
China,APAC,North Asia,Shandong,Zaozhuang
Brazil,LATAM,South,Mato Grosso,Sinop
Albania,EMEA,EMEA,Korçë,Korce
Italy,EU,South,Abruzzi,Teramo
South Africa,Africa,Africa,Gauteng,Krugersdorp
Indonesia,APAC,Southeast Asia,Maluku,Ambon
United States,US,East,Connecticut,Danbury
Colombia,LATAM,South,Casanare,Yopal
United Kingdom,EU,North,England,Morley
France,EU,Central,Ile-de-France,Avon
Japan,APAC,North Asia,Kanagawa,Fujisawa
France,EU,Central,Rhône-Alpes,Voiron
United States,US,West,California,Davis
Argentina,LATAM,South,Provincia de Buenos Aires,Necochea
Venezuela,LATAM,South,Táchira,San Cristóbal
United States,US,West,Washington,Redmond
Mozambique,Africa,Africa,Inhambane,Maxixe
Brazil,LATAM,South,Parana,Guarapuava
Brazil,LATAM,South,Bahia,Vitória da Conquista
China,APAC,North Asia,Hubei,Xiantao
Egypt,Africa,Africa,Matruh,Marsa Matruh
Canada,Canada,Canada,Ontario,Burlington
Italy,EU,South,Sicily,Ragusa
France,EU,Central,Aquitaine,Cestas
United States,US,East,Maine,Lewiston
China,APAC,North Asia,Hebei,Renqiu
France,EU,Central,Languedoc-Roussillon,Sète
Japan,APAC,North Asia,Tottori,Tottori
Iran,EMEA,EMEA,Semnan,Semnan
Brazil,LATAM,South,Ceará,Crato
Croatia,EMEA,EMEA,Osjecko-Baranjska,Osijek
Turkey,EMEA,EMEA,Rize,Rize
Mexico,LATAM,North,Veracruz,Altotonga
Brazil,LATAM,South,São Paulo,Cosmópolis
United States,US,West,Colorado,Greeley
Italy,EU,South,Apulia,Manfredonia
Italy,EU,South,Tuscany,Massa
Denmark,EU,North,Central Jutland,Randers
United States,US,Central,Michigan,Royal Oak
Kazakhstan,EMEA,EMEA,Zhambyl,Taraz
Brazil,LATAM,South,Goiás,Jataí
France,EU,Central,Rhône-Alpes,Aix-les-Bains
United States,US,West,Montana,Billings
Nigeria,Africa,Africa,Ebonyi,Abakaliki
India,APAC,Central Asia,Uttar Pradesh,Shahjahanpur
Mexico,LATAM,North,Puebla,Izúcar de Matamoros
Brazil,LATAM,South,Rio de Janeiro,Seropédica
United States,US,South,North Carolina,Chapel Hill
Israel,EMEA,EMEA,Central,Rehovot
Colombia,LATAM,South,Córdoba,Montería
United States,US,South,Florida,Margate
United States,US,West,California,Dublin
France,EU,Central,Provence-Alpes-Côte d'Azur,Sorgues
Turkey,EMEA,EMEA,Sirnak,Cizre
Turkey,EMEA,EMEA,Aydin,Aydin
Tanzania,Africa,Africa,Kigoma,Kigoma
Netherlands,EU,Central,North Brabant,Oss
Portugal,EU,South,Lisboa,Odivelas
Iran,EMEA,EMEA,Razavi Khorasan,Gonabad
Chile,LATAM,South,Antofagasta,Calama
Algeria,Africa,Africa,Djelfa,Dar Chioukh
United States,US,East,Ohio,Cuyahoga Falls
United States,US,Central,Texas,Missouri City
United States,US,West,Colorado,Loveland
Macedonia,EMEA,EMEA,Bitola,Bitola
New Zealand,APAC,Oceania,Manawatu-Wanganui,Levin
Turkey,EMEA,EMEA,Edirne,Edirne
United States,US,Central,Texas,Deer Park
United States,US,South,Florida,North Miami
Bulgaria,EMEA,EMEA,Pernik,Pernik
Rwanda,Africa,Africa,Southern,Gitarama
United States,US,South,Florida,Pensacola
Japan,APAC,North Asia,Nagano,Matsumoto
Poland,EMEA,EMEA,Silesia,Jastrzebie Zdroj
Brazil,LATAM,South,São Paulo,Franco da Rocha
Benin,Africa,Africa,Mono,Lokossa
Germany,EU,Central,North Rhine-Westphalia,Stadtlohn
United States,US,Central,Texas,Baytown
China,APAC,North Asia,Heilongjiang,Binzhou
United States,US,Central,Iowa,Waterloo
United States,US,West,Arizona,Bullhead City
Colombia,LATAM,South,Antioquia,Envigado
India,APAC,Central Asia,Delhi,New Delhi
Turkey,EMEA,EMEA,Mardin,Midyat
Zimbabwe,Africa,Africa,Manicaland,Mutare
United States,US,South,Florida,Port Orange
United States,US,Central,Illinois,Arlington Heights
Russia,EMEA,EMEA,Kaluga,Obninsk
United States,US,East,New Jersey,New Brunswick
Egypt,Africa,Africa,Kafr Ash Shaykh,Kafr ash Shaykh
United States,US,Central,Nebraska,Norfolk
Belarus,EMEA,EMEA,Homyel',Zhlobin
United States,US,Central,Iowa,Iowa City
United States,US,Central,Nebraska,Grand Island
United States,US,South,Arkansas,Springdale
United States,US,Central,Texas,Keller
United States,US,Central,Illinois,Oak Park
Canada,Canada,Canada,Ontario,Barrie
Brazil,LATAM,South,Mato Grosso,Sorriso
France,EU,Central,Midi-Pyrénées,Millau
United States,US,East,New Jersey,Atlantic City
Sudan,Africa,Africa,Gezira,Al Manaqil
United States,US,Central,Illinois,Romeoville
Spain,EU,South,Andalusía,Torremolinos
Brazil,LATAM,South,Maranhão,Buriticupu
Uganda,Africa,Africa,Kabarole,Fort Portal
South Africa,Africa,Africa,Gauteng,Vanderbijlpark
Argentina,LATAM,South,Salta,Tartagal
United States,US,West,Utah,Layton
United States,US,East,Ohio,Elyria
United States,US,South,Florida,Jupiter
United States,US,West,Washington,Everett
France,EU,Central,Ile-de-France,Osny
United States,US,West,Washington,Auburn
United States,US,South,Florida,Ormond Beach
United States,US,West,California,San Luis Obispo
United States,US,Central,Texas,Abilene
Turkey,EMEA,EMEA,Kayseri,Felahiye
United States,US,West,Idaho,Lewiston
Zimbabwe,Africa,Africa,Matabeleland North,Victoria Falls
